# This file was produced by samtools stats (1.24+htslib-1.24) and can be plotted using plot-bamstats
# This file contains statistics for all reads.
# The command line was:  stats -@ 16 results_4lane/bam/NA12878.md.bam chr20
# CHK, Checksum	[2]Read Names	[3]Sequences	[4]Qualities
# CHK, CRC32 of reads which passed filtering followed by addition (32bit overflow)
CHK	c38d671d	8b3e53a4	65b2e536
# Summary Numbers. Use `grep ^SN | cut -f 2-` to extract this part.
SN	raw total sequences:	3626640	# excluding supplementary and secondary reads
SN	filtered sequences:	0
SN	sequences:	3626640
SN	is sorted:	1	# sorted by coordinate
SN	1st fragments:	1813333
SN	last fragments:	1813307
SN	reads mapped:	3626613
SN	reads mapped and paired:	3626586	# paired-end technology bit set + both mates mapped
SN	reads unmapped:	27
SN	reads properly paired:	3610864	# proper-pair bit set
SN	reads paired:	3626640	# paired-end technology bit set
SN	reads duplicated:	465064	# PCR or optical duplicate bit set
SN	reads MQ0:	94830	# mapped and MQ=0
SN	reads QC failed:	0
SN	non-primary alignments:	0
SN	supplementary alignments:	1596
SN	total length:	358201497	# ignores clipping
SN	total first fragment length:	179103182	# ignores clipping
SN	total last fragment length:	179098315	# ignores clipping
SN	bases mapped:	358198770	# ignores clipping
SN	bases mapped (cigar):	357818027	# more accurate
SN	bases trimmed:	0
SN	bases duplicated:	46048253
SN	mismatches:	763424	# from NM fields
SN	error rate:	2.133554e-03	# mismatches / bases mapped (cigar)
SN	average length:	99
SN	average first fragment length:	99
SN	average last fragment length:	99
SN	maximum length:	101
SN	maximum first fragment length:	101
SN	maximum last fragment length:	101
SN	average quality:	36.2
SN	insert size average:	172.3
SN	insert size standard deviation:	67.7
SN	inward oriented pairs:	1811208
SN	outward oriented pairs:	668
SN	pairs with other orientation:	142
SN	pairs on different chromosomes:	1275
SN	percentage of properly paired reads (%):	99.6
SN	bases inside the target:	64444167
SN	percentage of target genome with coverage > 0 (%):	45.08
# First Fragment Qualities. Use `grep ^FFQ | cut -f 2-` to extract this part.
# Columns correspond to qualities and rows to cycles. First column is the cycle number.
FFQ	1	0	0	18	0	0	0	0	0	0	0	2129	0	0	0	0	0	8155	0	0	147	0	0	376	4674	0	14430	11388	14274	30718	0	97339	575854	0	161746	892085	0	0	0	0	0	0	0	0
FFQ	2	0	0	9	0	0	0	0	0	0	0	1607	0	0	0	0	0	4831	0	0	20	0	0	1055	3538	0	8909	11028	19336	20806	0	89447	537117	0	117505	998125	0	0	0	0	0	0	0	0
FFQ	3	0	0	24	0	0	0	0	0	0	0	12468	0	0	0	0	0	12504	0	0	66	0	0	3519	6351	0	8435	16399	29814	17418	0	81341	513939	0	83431	1027624	0	0	0	0	0	0	0	0
FFQ	4	0	0	95	0	0	0	0	0	0	0	5564	0	0	0	0	0	2076	0	0	7511	0	0	1258	0	0	4335	5649	373	17345	113	15533	330	35433	52498	0	410541	0	1254679	0	0	0	0	0
FFQ	5	0	0	2	0	0	0	0	0	0	0	1439	0	0	0	0	0	1727	0	0	3876	0	0	1279	0	0	4510	7193	340	15149	167	19557	387	36183	56758	0	405106	0	1259660	0	0	0	0	0
FFQ	6	0	0	0	0	0	0	0	0	204	0	1042	228	0	0	0	333	356	2054	828	694	0	179	87	1708	1	5390	6574	790	7295	3679	19639	4077	31858	46512	6	360997	32124	1286678	0	0	0	0	0
FFQ	7	0	0	0	0	0	0	0	0	234	0	1277	269	0	0	1	229	530	1871	1162	744	1	237	153	2066	4	5807	7370	1407	6615	4286	21229	3556	32242	45233	1	349167	32440	1295202	0	0	0	0	0
FFQ	8	0	0	0	0	0	0	0	0	313	0	1269	197	0	0	0	278	585	1880	1110	696	0	284	183	2061	5	6218	7123	1825	6048	4279	21635	3777	31853	44549	9	341261	30601	1305294	0	0	0	0	0
FFQ	9	0	0	0	0	0	3	3	1	290	0	1233	189	2	0	1	328	542	2089	903	590	10	266	198	1927	6	6084	2840	6142	5158	3469	20078	2959	26351	28118	18164	102274	33	192539	101410	1289133	0	0	0
FFQ	10	0	0	0	0	0	3	6	2	376	0	1335	294	3	1	2	490	638	2405	1104	610	23	353	234	2016	17	6014	3069	8626	4167	3855	20281	3559	29376	28990	20915	107770	48	201274	111168	1254309	0	0	0
FFQ	11	0	0	0	0	0	11	5	2	334	0	1171	219	1	0	8	431	651	1854	1023	560	25	379	220	2165	34	6146	3230	9404	2093	3967	21135	3772	28054	29977	18188	107477	42	198081	113914	1258760	0	0	0
FFQ	12	0	0	0	0	0	6	10	1	366	4	1365	251	11	0	1	447	765	2105	1188	668	32	475	341	2332	56	6366	3688	11337	1428	4303	21957	3390	30059	30840	19238	109439	52	199103	118534	1243175	0	0	0
FFQ	13	0	0	0	0	0	6	7	2	338	4	1416	214	10	3	3	425	737	2058	1112	698	42	437	277	2309	97	6429	3209	11603	1128	4273	22231	3157	29393	30947	19239	109443	56	198770	116774	1246486	0	0	0
FFQ	14	0	0	0	0	0	7	9	4	383	4	1384	241	9	2	8	85	943	2309	1095	698	40	451	246	1131	1308	6505	3110	11505	910	4172	10073	14485	20836	31355	21266	21375	67346	55783	164229	115673	343241	911112	0
FFQ	15	0	0	0	0	0	3	9	4	365	12	1248	283	14	0	3	104	945	2128	1087	770	39	440	215	1164	1370	6523	2938	11573	909	4444	10309	14943	20381	32074	20505	22394	67206	53925	166262	110429	343570	914745	0
FFQ	16	0	0	0	0	0	5	10	11	421	15	1328	263	17	4	11	140	1033	2090	1168	686	58	504	298	1315	1399	6645	3252	11600	978	4501	11105	15440	20415	32848	20632	23164	67357	53986	166717	109376	343388	911153	0
FFQ	17	0	0	0	0	0	12	15	17	421	27	1311	247	18	5	13	198	965	2055	1312	698	45	591	294	1339	1665	6585	3238	11474	991	4588	10978	15118	20602	32977	20742	23908	67852	54583	167446	110145	344132	906726	0
FFQ	18	0	0	0	0	0	13	14	9	463	41	1286	260	29	8	19	177	996	2176	1198	750	63	619	335	1405	1702	6525	3354	11387	1078	4516	11525	15007	20723	33151	21591	24598	66673	55294	166869	112423	341556	905500	0
FFQ	19	0	0	336	0	0	10	19	22	533	46	1371	293	38	17	21	231	992	289	3251	756	75	680	295	1446	1830	6461	3507	11486	1133	4514	11813	15105	20652	21380	33689	25603	58059	57987	144532	130001	347612	907248	0
FFQ	20	0	0	0	0	0	23	19	29	504	74	1361	247	44	12	27	308	1012	368	3381	844	101	688	365	1550	2200	6480	3449	11595	1129	4562	12419	15094	20404	21980	34320	26631	58626	57670	145336	132947	349769	897765	0
FFQ	21	0	0	0	0	0	17	38	34	527	110	1287	270	42	23	28	339	1066	464	3021	865	103	720	384	1632	2423	6380	3592	11467	1104	4795	12772	15330	20627	22227	34137	27809	58792	57940	147317	134864	347855	892932	0
FFQ	22	0	0	0	0	0	9	42	27	546	144	1307	280	37	28	44	402	1097	576	2781	854	124	790	402	1772	2721	6152	3615	10843	1208	4904	13377	15356	19868	22192	34044	29414	58900	58657	147371	136527	348036	888886	0
FFQ	23	0	0	0	0	0	19	49	37	652	178	1257	234	35	30	40	460	1142	675	2604	890	129	890	412	1951	3103	5815	3602	10752	1323	4954	14120	15531	19630	22774	33843	31028	58626	58696	148096	138121	347246	884389	0
FFQ	24	0	0	0	0	0	15	66	48	617	234	1211	220	66	25	55	545	1201	729	2395	917	124	980	449	2090	3453	5782	3679	10503	1371	4808	14674	15255	19176	23721	33747	32975	58441	58710	150682	134192	336685	893492	0
FFQ	25	0	0	0	0	0	21	61	73	680	277	1181	208	79	30	66	554	1328	879	2198	903	170	1134	486	2265	3960	5642	3877	10367	1396	5070	15710	15874	18534	24039	34181	34400	58381	59400	152301	133864	339823	883921	0
FFQ	26	0	0	0	0	0	32	93	108	1130	575	1614	253	85	64	71	752	1533	1103	2194	940	220	1170	514	2433	4626	5450	3986	10012	1514	5092	16625	15883	18007	24581	34242	36975	58291	59408	152955	133610	343274	873918	0
FFQ	27	0	0	11	0	0	29	134	154	1270	704	1507	184	107	86	120	912	1723	1238	2140	970	258	1320	595	2390	5004	5527	3979	9794	1551	5270	17926	15938	17856	25499	33699	39634	58084	60197	154299	132967	346686	863571	0
FFQ	28	0	0	66	0	0	40	141	188	1352	816	1304	176	125	89	142	1029	1868	1229	1917	1012	285	1437	630	2647	5291	5571	4171	9475	1784	5306	18757	16303	16999	25899	33558	41914	57957	60540	156814	131561	351109	853831	0
FFQ	29	0	0	0	0	0	42	161	181	1373	1019	1234	136	157	100	171	1250	2082	1225	1788	1035	357	1523	733	2747	5834	5755	4287	9049	1766	5270	20126	16896	16339	26881	33855	44626	57367	61475	159091	130576	353004	843822	0
FFQ	30	0	0	171	0	0	48	200	232	1639	1280	1064	101	169	130	181	1406	2168	1190	1624	1028	388	1533	769	2822	5988	5724	4418	8445	1928	5336	20861	16906	15586	27761	33397	47987	56500	62103	159614	129760	355076	837800	0
FFQ	31	0	0	0	0	0	53	186	307	1572	1285	824	84	182	170	198	1473	2397	1021	1617	1079	410	1743	843	2892	6200	6121	4538	8245	2156	5624	21521	17119	15036	28584	33197	51285	56151	62773	162718	127207	355639	830883	0
FFQ	32	0	0	0	0	0	62	218	339	1542	1474	631	74	216	177	266	1527	2259	825	1711	1127	480	1813	970	2927	6245	6297	4760	7792	2431	5658	22254	17305	14323	29792	33302	55178	55142	63680	163217	125221	356457	825641	0
FFQ	33	0	0	0	0	0	78	270	413	1692	1560	486	75	262	213	285	1627	2292	653	1677	1111	512	1923	1014	3119	6351	6319	5002	7614	2557	5743	23025	17678	13981	31065	32995	58631	54766	64890	165109	123862	354527	819956	0
FFQ	34	0	0	0	0	0	78	290	483	1643	1737	311	82	273	272	296	1853	2244	554	1733	1175	594	2152	1068	3236	6584	6370	5289	7240	2790	6073	23801	18161	13655	32225	33237	62693	54083	66206	166911	122464	354933	810544	0
FFQ	35	0	0	1	0	0	80	303	448	1666	1721	216	109	306	265	350	1848	2247	469	1710	1135	662	2130	1211	3257	6588	6431	5525	7224	3102	6117	23720	18310	13624	33796	32848	66763	52913	68171	167377	122190	354363	804137	0
FFQ	36	0	0	2	0	0	74	355	602	1622	1858	154	102	322	351	376	2010	2065	415	1836	1235	725	2353	1393	3347	6873	6206	5785	7229	3426	6312	23959	18880	13653	35056	32837	71035	52160	69614	167656	122474	353502	795479	0
FFQ	37	0	0	6	0	0	108	405	633	1696	1928	117	135	363	426	416	2116	2016	407	1930	1283	853	2409	1462	3551	6923	6180	6237	7314	3892	6445	24133	19647	14114	36982	33039	75454	51591	71127	169206	122859	352654	783276	0
FFQ	38	0	0	9	0	0	109	416	778	1621	1978	77	142	407	466	501	2286	1754	485	1883	1317	960	2567	1576	3754	7008	5765	6334	7185	4347	6780	23974	19890	14304	38409	33578	80027	51675	73211	167902	124914	351218	773726	0
FFQ	39	0	0	16	0	0	107	464	834	1643	1935	74	167	418	523	555	2461	1645	450	1992	1290	1016	2412	1654	4436	7070	5403	6783	7142	4776	7117	23780	20409	14855	39846	33684	84578	51684	74788	163404	129620	350031	764271	0
FFQ	40	0	0	19	0	0	168	515	843	1590	1830	80	180	507	590	600	2454	1450	508	1958	1299	1141	2530	1792	4569	7084	5066	6967	7323	5124	7259	23527	20888	15394	41084	34245	89320	51900	76504	161447	131329	348503	755746	0
FFQ	41	0	0	22	0	0	151	504	966	1583	1931	91	204	541	642	673	2540	1315	508	2207	1362	1273	2522	1958	4990	7332	4889	7711	7199	5913	7502	23452	21405	15845	42821	35329	93897	52821	77780	161841	131731	345997	743885	0
FFQ	42	0	0	30	0	0	179	589	1135	1648	1895	102	220	550	658	763	2677	1131	634	2243	1411	1361	2650	2060	5311	7396	4661	7904	7406	6439	7785	23091	22172	16836	44581	36031	98541	54373	79991	160691	134026	342555	731607	0
FFQ	43	0	0	45	0	0	193	576	1158	1637	1870	131	241	624	805	846	2734	978	639	2220	1475	1511	2796	2337	5531	7518	4201	8355	7496	7030	8057	22935	22519	17300	45600	37529	104079	55528	82292	159086	135927	339960	719574	0
FFQ	44	0	0	47	0	0	158	567	1150	1480	1656	113	264	699	809	805	2555	829	623	2245	1303	1561	2597	2422	5515	7077	3839	8141	7215	7539	7778	22297	22571	17255	46452	37795	110174	55837	85903	155041	143854	336817	710350	0
FFQ	45	0	0	57	0	0	179	556	1301	1522	1531	127	256	599	889	811	2349	664	693	1822	1370	2483	1984	2369	6402	7158	3818	8644	7188	8053	8244	21503	23269	18007	46370	38883	117139	57915	87082	152815	141831	333491	703959	0
FFQ	46	0	0	65	0	0	131	452	1150	1278	1393	122	230	596	917	811	2153	594	633	1707	1205	2558	1841	2368	6292	6536	3397	8248	6874	8331	8021	20581	22752	17921	46883	39900	125007	58879	91186	146764	149843	326862	698852	0
FFQ	47	0	0	86	0	0	125	475	1192	1322	1302	138	257	606	992	832	2103	472	727	1728	1249	2604	1775	2551	6478	6607	3055	8609	6914	8721	8111	20011	23137	18383	47220	41530	132585	61616	92872	143888	149675	318364	695021	0
FFQ	48	0	0	105	0	0	133	588	1240	1444	1220	131	284	649	1030	882	1982	450	744	1877	1297	2812	1771	2590	6861	6467	2901	9067	7031	9436	8689	19605	23593	18772	48055	43311	141468	64608	96578	140078	150905	309072	685607	0
FFQ	49	0	0	116	0	0	164	553	1344	1393	1146	139	308	694	1145	962	1816	430	762	1906	1287	2904	1895	2757	6135	6999	2325	9264	7738	10077	8816	19352	24493	19954	48600	45187	149617	67795	100042	126984	164647	303543	670044	0
FFQ	50	0	0	137	0	0	208	571	1429	1422	1209	169	327	729	1283	974	1701	386	775	2011	1318	3146	1870	3030	6351	7004	2145	10010	7904	10728	9204	19142	25457	20776	49702	48462	158787	70448	103717	124563	167199	297003	652036	0
FFQ	51	0	0	146	0	0	186	613	1487	1488	1068	189	356	748	1326	968	1645	389	826	1997	1307	3534	1895	3224	6799	7012	2060	10272	7930	11578	9783	19024	25995	21171	50599	51291	169033	73897	107966	122242	171052	289180	632092	0
FFQ	52	0	0	162	0	0	216	617	1569	1554	1031	165	401	759	1371	1001	1473	382	801	2200	1383	3699	1821	3431	6928	6942	1979	10626	8061	12159	10207	18941	26694	22266	51396	54477	180441	76586	112464	120415	173440	281594	611698	0
FFQ	53	0	0	185	0	0	199	586	1532	1485	816	203	400	819	1506	1061	1403	384	887	2231	1354	3900	1874	3661	7222	6911	1972	11090	8127	12588	10724	18740	27387	23117	52264	57653	192644	80512	117117	117052	176175	274246	590136	0
FFQ	54	0	0	199	0	0	238	616	1606	1576	787	228	468	754	1617	1004	1349	375	896	2324	1289	4142	1898	3831	7397	6629	1921	11693	8186	13287	11159	18592	28514	24226	53845	61269	205158	83825	120792	114154	178762	266028	568188	0
FFQ	55	0	0	230	0	0	228	659	1704	1607	739	261	465	697	1603	1108	1166	311	1007	2371	1316	4014	2341	4080	7498	4624	3866	12082	8174	14092	11809	18953	29264	24896	54379	65154	218467	88674	121899	114437	181532	257461	544184	0
FFQ	56	0	0	240	0	0	292	671	1777	1658	603	261	481	697	1750	1160	1194	339	1091	2579	1261	4271	2434	4202	7542	4523	4032	12532	8348	14513	12120	19104	30399	25808	55659	68897	233022	92249	125777	111215	184149	248188	520596	0
FFQ	57	0	0	270	0	0	298	679	1858	1809	554	301	547	686	1760	1118	1093	355	1094	2690	1267	4612	2472	4452	7938	4508	4059	13148	8441	15205	12910	19200	31546	26808	57612	71908	247814	97556	130044	107966	185863	238600	494906	0
FFQ	58	0	0	302	0	0	316	698	1982	1840	494	294	590	694	1909	1114	1128	358	1038	2785	1236	4872	2517	4801	8041	4345	4394	13644	8673	15762	13435	19774	32154	28344	59271	76035	263664	101756	133170	105342	188513	228290	468510	0
FFQ	59	0	0	330	0	0	342	638	1999	1893	420	339	618	703	1977	976	1139	400	1163	3098	1211	4369	2224	6302	6606	3774	4108	16575	8706	15843	14051	20357	33646	29204	60824	80057	280245	105949	137380	101514	188694	218354	444229	0
FFQ	60	0	0	382	0	0	384	635	2034	1942	344	408	668	749	1992	870	1083	331	1162	3344	1196	4534	2243	6487	6565	3408	4299	17083	8926	16160	14667	20710	33930	30054	62357	84061	298426	110019	140943	97507	190091	208344	419964	0
FFQ	61	0	0	405	0	0	444	631	2165	1950	248	389	697	733	1892	861	1144	387	1291	3433	1054	4852	2345	6558	6424	3466	4428	17450	9006	15941	15193	21402	34807	30865	63932	88073	317858	113045	145311	93835	190401	197977	395334	0
FFQ	62	0	0	583	0	0	406	632	2246	2074	190	473	712	714	1999	830	1095	378	1244	3580	1076	4915	2223	6889	6434	3450	4761	18119	9306	16158	16009	21864	35777	31914	65778	92538	337477	116806	148239	90447	189846	187392	369553	0
FFQ	63	0	0	774	0	0	378	606	2230	1883	164	427	736	706	1961	843	1140	355	1269	3474	963	4963	2238	7024	6223	3335	4762	18105	9291	16208	16118	22408	36378	32789	67751	96060	359097	122385	151712	85138	192315	175982	343757	0
FFQ	64	0	0	1002	0	0	427	591	2322	1855	132	498	771	750	1868	732	1121	325	1316	3650	949	5113	2333	7238	6080	3406	5062	18732	9472	15824	16745	22806	36774	33282	68600	99375	381118	126442	154412	80546	190461	162951	324593	0
FFQ	65	0	0	1290	0	0	401	626	2331	1871	79	559	761	711	1859	698	1097	405	1379	2877	1772	5500	2312	6080	7178	3398	5067	18611	7180	15515	20710	23641	37252	34332	70052	103587	403008	129980	156875	75407	189595	151300	301755	0
FFQ	66	0	0	1595	0	0	470	544	2393	1918	56	587	831	780	1864	679	1139	447	1428	3079	1822	5585	2344	6406	7277	3404	5545	18866	7020	15473	21634	24377	37752	35169	72034	106803	424856	134442	159214	71259	188826	139787	276528	0
FFQ	67	0	0	1930	0	0	507	521	2515	1872	35	592	867	737	1883	610	1215	437	1470	3110	1799	5862	2293	6273	7276	3454	5708	19119	7351	15118	22506	25254	38653	36178	74525	111175	447720	137531	160187	66844	186902	128606	252746	0
FFQ	68	0	0	2262	0	0	487	509	2418	1784	27	626	833	700	1797	521	1227	463	1491	3097	1754	5775	2224	6335	7011	3548	5775	19067	7370	14212	22916	25916	39161	37122	76236	115886	471396	141811	161687	61525	185961	117930	229502	0
FFQ	69	0	0	2608	0	0	502	487	2568	1725	8	700	912	728	1701	533	1253	438	1552	3091	1821	6129	2232	6486	6915	3633	6114	19825	7506	13876	23393	26438	39380	37207	78197	118472	496712	144616	163248	57474	180272	107342	209071	0
FFQ	70	0	0	2984	0	0	568	487	2585	1703	9	707	876	693	1683	487	1295	463	1632	3207	1863	6541	2180	4477	5643	6957	6242	19814	7464	13283	24249	27335	39710	38193	79877	122112	520745	147806	164650	52754	175681	96610	188356	0
FFQ	71	0	0	3381	0	0	555	477	2654	1649	3	761	983	704	1676	477	1326	479	1689	3287	1937	6562	2312	4475	5592	7289	6728	20209	7874	12551	24748	28004	40058	38747	82222	126159	544539	150322	164636	48329	170495	86787	167914	0
FFQ	72	0	0	3864	0	0	528	486	2811	1597	3	804	938	811	1577	427	1464	487	1801	3446	1839	6721	2096	4288	5500	7536	7185	20260	8212	12264	25959	29009	40520	39845	84202	131014	566487	152939	165105	44220	164407	76636	147982	0
FFQ	73	0	0	4338	0	0	585	430	2905	1586	5	825	961	786	1545	407	1447	495	1822	3664	1929	6972	2071	4108	5635	7776	7274	20303	8411	11442	26790	29513	40959	40253	87181	134761	590293	154918	163754	40339	158687	68164	128523	0
FFQ	74	0	0	4824	0	0	569	406	2823	1452	5	847	934	721	1451	366	1561	484	1892	3512	2028	7220	2047	3983	5604	7781	7518	20250	8615	10961	27417	29823	41451	40558	88560	139340	614834	156849	161889	36125	152215	59912	111427	0
FFQ	75	0	0	5384	0	0	579	349	2876	1463	3	938	951	739	1388	356	1582	486	1855	3586	2017	7484	2092	3728	5717	8280	7847	16481	13410	10458	28104	30524	42065	41669	91568	143632	636145	158160	159048	32735	144717	51428	94557	0
FFQ	76	0	0	5941	0	0	574	365	2985	1372	1	990	909	770	1301	324	1713	486	1900	3590	2050	7474	2017	3570	5766	8564	8227	16029	13875	9699	28829	30902	41798	41902	93878	148125	659316	159839	156072	29083	137425	43668	78959	0
FFQ	77	0	0	6545	0	0	648	328	3055	1299	3	1056	930	744	1237	298	1712	470	1984	3947	2082	7657	1999	3527	5979	8747	8665	16087	14319	9192	29222	31681	42686	43140	95649	153251	678813	160566	152659	25864	128451	36692	64925	0
FFQ	78	0	0	7218	0	0	683	336	3170	1323	0	1093	914	786	1100	310	1802	526	2083	3899	2183	7850	1957	3319	6141	8939	8763	15622	14841	8624	30259	31788	43138	43371	97254	157232	700243	161161	148263	22625	119516	30277	53126	0
FFQ	79	0	0	7864	0	0	637	309	3175	1239	1	1108	956	799	1089	300	1833	489	2159	3897	2246	7996	1980	2966	6219	9150	9242	15155	15450	8154	30652	32120	43396	44090	99921	160599	720251	161399	144464	19596	108805	24772	42786	0
FFQ	80	0	0	8544	0	0	648	300	3264	1165	0	1080	928	813	1023	292	1911	550	2081	3878	2310	8067	1841	2789	6305	9205	9654	14623	15593	7373	31353	32236	43732	44061	101747	163927	741538	161199	138908	17073	98688	19693	33986	0
FFQ	81	0	0	9327	0	0	670	305	3245	1040	1	1219	934	811	887	252	1937	496	2232	3776	2312	8140	1712	2604	6337	9444	9888	14323	15827	6939	31820	32145	43831	44968	102742	168289	762343	159062	133258	14605	88062	15417	26372	0
FFQ	82	0	0	10234	0	0	707	239	3346	1040	1	1232	943	840	826	218	1941	545	2289	3897	2516	8187	1689	2365	6504	9632	9942	14160	16378	6311	32384	32164	44228	44878	104173	172768	780436	157894	126885	12315	77340	11749	19608	0
FFQ	83	0	0	11016	0	0	743	228	3172	983	0	1326	887	865	745	221	2095	528	2241	3983	2482	8409	1591	2109	6668	9857	10468	13384	16946	5919	32885	32562	44207	45632	105871	176719	797365	156244	119379	10116	66915	8674	14504	0
FFQ	84	0	0	11911	0	0	672	214	3334	885	1	1269	841	832	687	191	2049	536	2350	3927	2697	8435	1582	1958	6651	10145	11006	12987	17199	5288	33184	32330	45061	46382	106881	179822	814302	153610	111203	8349	57588	6339	10224	0
FFQ	85	0	0	12801	0	0	692	228	3312	837	0	1309	821	917	610	195	2001	550	2384	4056	2730	8398	1480	1730	7033	9943	11115	12381	17674	4830	33587	32033	45533	46600	107742	183203	830727	151186	103030	6623	47900	4320	7203	0
FFQ	86	0	0	13794	0	0	705	211	3359	736	1	1310	773	854	603	173	2071	544	2425	4077	2963	8507	1326	1534	6816	10448	11651	11908	17987	4496	34096	32107	45468	47043	108761	186664	844714	147767	93727	5534	39583	2867	4598	0
FFQ	87	0	0	14909	0	0	724	175	3301	734	2	1360	763	860	509	168	2096	491	2392	4023	3009	8565	1319	1475	6872	10330	12028	11352	18669	4017	34459	31833	45585	47307	110116	189659	857561	144059	85040	4229	31924	1854	2858	0
FFQ	88	0	0	16146	0	0	675	137	3367	687	0	1435	759	822	393	152	2143	536	2497	4077	2933	8523	1240	1235	7081	10759	12256	10876	18621	3743	34783	31821	45897	47697	110100	193001	869603	140160	75383	3299	24718	1188	1872	0
FFQ	89	0	0	17437	0	0	691	137	3095	617	0	1431	733	829	363	127	2120	488	2486	4101	3061	8587	1079	1008	7061	10533	12479	10066	18926	3377	34968	31381	45933	47926	110358	195430	881733	135927	66852	2621	18471	778	1232	0
FFQ	90	0	0	18859	0	0	639	123	3144	558	1	1456	625	784	299	121	2194	523	2537	4013	3115	8459	1042	988	7152	10759	12775	9518	19230	3030	34782	31054	46300	48298	110317	196914	892388	131501	57701	1881	13572	538	771	0
FFQ	91	0	0	20402	0	0	660	143	3035	566	1	1427	572	762	285	110	2143	499	2580	3999	3161	8276	912	874	7222	10697	13135	8987	19641	2735	35157	31009	46526	48038	111300	200050	898848	126963	48933	1314	9573	324	594	0
FFQ	92	0	0	22057	0	0	648	99	2893	459	0	1326	566	750	238	108	2189	533	2496	3869	3323	8358	847	786	7256	10825	13480	8290	19845	2512	34914	30867	46291	48537	111202	201554	906935	121354	41410	903	6507	229	415	0
FFQ	93	0	0	24026	0	0	573	69	2825	485	0	1276	545	770	165	96	2162	513	2478	4077	3311	8042	684	730	7213	10898	13685	7599	20017	2321	35117	30921	46329	48624	111665	202920	912580	115472	34400	627	4150	167	333	0
FFQ	94	0	0	26218	0	0	571	68	2592	421	1	1300	489	684	156	86	1985	483	2454	3752	3358	7900	635	633	6926	10785	13638	7004	20021	2103	34988	30843	46472	48527	111678	203736	917634	109790	28394	411	2650	148	268	0
FFQ	95	0	0	28776	0	0	490	55	2333	376	0	1180	417	123	607	73	1981	533	2205	3738	3319	7534	603	586	7045	10727	13529	6200	20295	1864	34833	30906	46053	48477	111890	204693	921488	104865	22744	277	1616	122	209	0
FFQ	96	0	0	31725	0	0	448	41	2124	329	1	1099	319	119	560	67	1981	483	2345	3697	3313	7174	465	485	7028	10620	13696	5627	20124	1655	35035	30666	45955	48455	111724	205445	922286	100419	17691	197	1136	80	161	0
FFQ	97	0	0	35105	0	0	362	27	1784	246	0	914	282	81	453	38	1801	450	2262	3521	3421	6972	364	469	6902	10567	13580	5041	19935	1572	34529	30398	45853	48589	111916	205076	923144	94577	13810	131	795	79	117	0
FFQ	98	0	0	38770	0	0	196	16	1226	157	0	679	191	61	346	23	1832	457	2137	3523	3155	6518	304	429	6695	10404	13617	4671	20223	1329	34068	30271	45589	48454	111751	205936	923555	89238	10899	76	551	49	120	0
FFQ	99	0	0	42887	0	0	100	5	601	61	0	356	86	19	202	16	1677	459	1952	3486	3148	6358	279	466	6629	10154	13511	4097	20056	1138	33873	30379	45877	48541	111673	206375	921253	84964	8486	68	415	45	86	0
FFQ	100	0	0	46680	0	0	1	0	3	0	0	7	0	1	27	5	1604	488	1891	3475	2996	5873	192	426	6659	10210	13700	3537	20049	1007	33620	30285	45191	48468	111235	207173	918931	80847	6679	45	347	36	53	0
FFQ	101	0	0	51095	0	0	0	0	0	0	0	0	0	0	0	0	2472	696	2752	5177	4569	7982	225	537	8436	13164	17965	4034	24187	1146	41067	34648	53480	57396	123702	237227	828577	67406	5220	61	230	18	25	0
# Last Fragment Qualities. Use `grep ^LFQ | cut -f 2-` to extract this part.
# Columns correspond to qualities and rows to cycles. First column is the cycle number.
LFQ	1	0	0	690	0	0	0	0	138	0	0	6143	0	55	0	0	41	9598	0	40	12	72	0	1408	9229	62	12441	21528	22565	30473	1448	121011	652792	0	110753	812808	0	0	0	0	0	0	0	0
LFQ	2	0	0	154	0	0	0	0	132	0	0	5000	0	45	0	0	55	11553	0	50	52	64	0	3085	7809	75	13353	21409	31320	30995	1085	109543	584419	0	87508	905601	0	0	0	0	0	0	0	0
LFQ	3	0	0	77	0	0	0	0	132	0	0	5297	0	53	0	0	109	9972	0	46	11	73	0	3217	7758	53	11248	21795	33632	27877	1001	102683	568781	0	56278	963214	0	0	0	0	0	0	0	0
LFQ	4	0	0	94	0	0	0	0	140	0	0	4307	0	58	0	0	0	2920	1178	33	4977	53	0	2274	88	60	6901	8853	2618	15199	213	23788	793	40355	56850	0	422627	0	1218928	0	0	0	0	0
LFQ	5	0	0	56	0	0	0	0	120	0	0	3912	0	51	0	0	0	3370	1086	30	3524	58	0	2813	91	67	6900	10061	2724	14379	288	25767	819	40252	56855	0	411940	0	1228144	0	0	0	0	0
LFQ	6	0	0	0	0	0	0	1	24	541	0	2435	642	10	35	0	476	669	3365	1399	1178	11	292	935	2510	56	7250	8706	2433	8211	5105	24670	5521	40778	47533	5	370418	28493	1249605	0	0	0	0	0
LFQ	7	0	0	0	0	0	0	8	35	560	0	2724	741	6	35	3	436	796	3265	1690	1351	14	383	1020	3043	51	7592	9610	3155	8243	6093	26415	4878	43216	49181	5	364197	28862	1245699	0	0	0	0	0
LFQ	8	0	0	0	0	0	0	4	35	609	0	3030	651	6	46	3	483	870	3415	1868	1199	11	461	1071	2973	46	7934	9592	3882	7967	6055	26791	5159	43715	49490	12	365453	28385	1242091	0	0	0	0	0
LFQ	9	0	0	0	0	0	4	7	40	683	0	3188	639	18	39	5	582	905	3721	1816	1134	24	469	1078	2806	64	7807	4088	9636	6955	5334	25753	4287	34496	34490	22665	119062	65	205837	120110	1195500	0	0	0
LFQ	10	0	0	2	0	0	14	10	39	885	1	3272	719	19	48	10	774	1077	4138	1745	1060	46	560	1122	3096	71	8201	4234	12549	5603	5717	26634	4959	37574	36112	24866	125492	86	215363	123592	1163617	0	0	0
LFQ	11	0	0	1	0	0	17	12	30	822	1	2823	547	20	46	5	876	1034	3603	1758	1079	49	597	1179	3122	110	7989	4361	13458	3457	5818	26515	5387	36793	35837	22448	125949	56	213892	131274	1162342	0	0	0
LFQ	12	0	0	0	0	0	24	8	46	855	3	3229	637	27	46	7	803	1115	3835	2023	1168	81	723	1260	3535	128	8470	4758	16109	2633	6322	28017	4892	38883	37337	23554	127389	78	215009	132496	1147807	0	0	0
LFQ	13	0	0	0	0	0	11	9	53	872	8	3368	605	29	61	6	799	1069	3912	1959	1155	91	615	1175	3196	152	8481	4487	16068	2187	5969	28022	4846	38309	37735	23295	128042	63	215446	131136	1150076	0	0	0
LFQ	14	0	0	0	0	0	17	13	56	914	14	3338	719	37	58	12	189	1494	4076	1916	1289	82	646	1194	1635	2160	8567	4326	16209	2126	6134	13529	18361	27754	38695	26035	24139	79390	60175	179105	115283	363280	810340	0
LFQ	15	0	0	0	0	0	10	17	51	914	30	3240	791	41	53	18	190	1463	3833	1848	1521	71	761	1147	1724	2217	8804	4096	16279	2047	6366	13967	19033	27193	40090	24978	25502	79593	59192	181581	110771	363738	810137	0
LFQ	16	0	0	0	0	0	17	21	77	1029	53	3212	711	33	48	23	288	1635	3742	2048	1427	94	859	1197	1943	2389	8869	4501	16298	2217	6590	14575	19488	27274	40549	25293	26270	79847	59325	182467	110455	363687	804756	0
LFQ	17	0	0	0	0	0	29	28	65	994	58	3201	708	47	57	25	348	1670	3818	2191	1434	102	838	1253	1974	2620	8874	4582	16350	2245	6629	14882	19675	27750	41190	25726	26739	80480	60571	184030	112298	365414	794412	0
LFQ	18	0	0	0	0	0	11	38	78	1139	110	3473	719	44	54	20	433	1750	3739	2305	1456	102	983	1229	2122	2979	8914	4809	16408	2470	6931	15749	19853	28195	41784	26052	28019	81347	60980	187406	113072	367270	781264	0
LFQ	19	0	0	0	0	0	19	41	72	1093	139	3281	688	46	58	51	442	1586	532	5682	1435	125	1033	1306	2256	3114	8665	4796	16261	2341	6924	16264	19702	27895	27120	41258	28655	69750	66134	163490	134656	374357	782040	0
LFQ	20	0	0	0	0	0	30	51	80	1126	204	3226	712	58	62	56	557	1646	648	5466	1574	157	1041	1302	2287	3420	8606	5002	16088	2492	6999	16577	19802	27620	27787	41889	30104	70145	66027	165467	137344	374035	773620	0
LFQ	21	0	0	0	0	0	25	62	125	1251	269	3202	719	73	85	56	626	1742	846	5305	1634	172	1130	1267	2442	3829	8567	4898	15979	2483	7217	17550	19850	27901	28358	41861	31313	70013	66274	166322	140860	372857	766144	0
LFQ	22	0	0	0	0	0	28	73	137	1338	413	3236	731	89	87	68	697	1771	1020	4959	1739	219	1210	1350	2756	4381	8398	5177	16165	2544	7296	18480	20306	27339	29029	42508	33174	70607	67091	168172	142133	373386	755200	0
LFQ	23	0	0	0	0	0	30	72	153	1576	545	3129	675	93	108	90	890	1988	1174	4740	1695	220	1419	1349	3052	4695	8246	5222	15703	2706	7325	19436	20521	27034	29560	42724	34747	70061	67312	169967	145215	372338	747497	0
LFQ	24	0	0	0	0	0	37	97	157	1629	666	2898	559	110	110	109	962	2065	1377	4355	1777	265	1457	1338	3103	5510	7944	5339	15420	2896	7548	20154	20761	26479	30189	42445	36941	70867	67491	174007	141366	363650	751229	0
LFQ	25	0	0	0	0	0	46	117	211	1699	802	2761	506	114	119	137	1074	2204	1562	3982	1841	318	1677	1469	3396	6036	7709	5500	14670	2966	7628	21428	20918	25698	30856	42342	38505	70573	68168	175968	141317	366244	742746	0
LFQ	26	0	0	0	0	0	40	191	269	1961	1127	2854	425	159	118	163	1171	2341	1596	3605	1797	405	1778	1426	3414	6591	7466	5718	14442	3132	7890	22501	21233	24978	31921	41721	41383	70711	68214	177169	139476	371389	732532	0
LFQ	27	0	0	0	0	0	50	216	304	2224	1412	2558	341	192	156	184	1438	2641	1766	3430	1898	416	1987	1509	3693	7314	7539	5989	13862	3339	7945	23644	21502	24717	32629	42384	43667	70143	68535	179510	138419	374856	720898	0
LFQ	28	0	0	0	0	0	57	252	369	2487	1702	2273	291	210	205	240	1722	2646	1761	3166	1972	532	2139	1587	3663	8078	7669	6347	13514	3436	8327	25191	22035	24272	34060	42642	46807	70469	69249	182745	137102	379164	704926	0
LFQ	29	0	0	0	0	0	82	303	379	2575	1939	1958	212	210	206	260	1804	3005	1670	3065	2067	583	2327	1735	3794	8349	8015	6534	12883	3797	8280	26570	22313	23782	35215	42331	49836	70440	69840	185427	137113	381836	692572	0
LFQ	30	0	0	0	0	0	63	321	481	2773	2348	1763	138	255	288	320	2020	3165	1568	2900	2041	672	2431	1710	4089	8833	8130	6788	12541	4182	8565	27387	22763	23079	36580	42077	52750	68962	69894	188205	135360	383458	684407	0
LFQ	31	0	0	0	0	0	87	341	610	2916	2619	1381	126	283	284	407	2163	3190	1344	3073	2053	761	2678	1866	4258	9335	8367	7065	12303	4421	8928	29035	23517	22614	38311	42360	56166	69176	71080	191569	132239	384866	671515	0
LFQ	32	0	0	0	0	0	81	451	672	3010	2886	1070	88	312	370	418	2490	3318	1161	3005	2149	781	2876	2033	4413	9509	8589	7402	11623	4865	9032	29949	23663	21832	39450	41684	60124	68039	72384	193150	132158	383330	664940	0
LFQ	33	0	0	0	0	0	103	484	835	3121	3393	862	107	390	438	486	2571	3359	1066	3108	2229	966	3096	2194	4588	9739	8756	7557	11333	5348	9266	31082	24120	21700	41342	41550	63470	67057	73535	196143	129841	383861	654211	0
LFQ	34	0	0	0	0	0	108	621	880	3193	3408	523	117	443	420	540	2873	3344	883	3127	2265	1016	3253	2371	4726	9886	8908	8126	11434	5638	9738	31977	24780	21591	43236	41948	67181	66414	73985	198045	128705	384075	643529	0
LFQ	35	0	0	2	0	0	134	591	1027	3229	3683	386	135	473	528	657	3098	3240	820	3319	2393	1148	3322	2445	5022	10097	8784	8538	11372	6165	10056	32853	25432	21688	45027	42502	70947	65186	76139	201065	128003	382818	630983	0
LFQ	36	0	0	6	0	0	136	723	1197	3232	3821	239	173	548	624	747	3284	3137	740	3416	2373	1285	3605	2631	5278	10825	8654	9080	11361	6669	10463	32528	26214	22232	47298	42319	75247	64311	77994	202421	128560	382486	617450	0
LFQ	37	0	0	9	0	0	182	754	1321	3219	3837	159	211	601	687	833	3444	2900	727	3467	2468	1433	3779	2917	5617	10820	8404	9583	11384	7406	10627	33144	26749	22476	49072	42903	78445	64107	79810	203081	129771	381697	605263	0
LFQ	38	0	0	13	0	0	205	886	1493	3212	3976	138	233	649	800	957	3573	2733	862	3701	2576	1601	4110	3142	5877	10848	8064	10150	11431	8090	11199	33092	27858	23424	51313	43234	82152	64288	80603	205632	130308	380085	590799	0
LFQ	39	0	0	18	0	0	191	1003	1766	3336	4010	123	257	705	944	1054	3670	2465	930	3898	2734	1751	3712	3297	6951	11024	7660	10774	11639	8930	11791	33100	28402	24240	53397	43848	85287	64248	82276	199807	136600	377704	579765	0
LFQ	40	0	0	29	0	0	231	992	1853	3384	3871	122	313	811	1025	1219	3736	2207	962	3858	2691	1973	3728	3531	7487	11376	7413	11170	11764	9660	11999	32560	28967	24847	55420	44850	89256	63984	83910	199475	138134	376710	567789	0
LFQ	41	0	0	42	0	0	248	1121	2070	3303	3869	154	307	891	1142	1246	3844	1979	1118	4018	2752	2168	3912	3713	7891	11214	6857	12054	11751	10674	12717	32094	29876	25808	57077	45981	92273	65250	85212	199243	137825	374002	557611	0
LFQ	42	0	0	55	0	0	159	715	1387	2246	2664	151	285	789	1100	1052	3377	1529	802	2848	1898	2073	3215	3554	7182	9513	5924	10549	9401	10535	10302	30376	26918	23309	54790	42215	96998	57514	88112	173664	159226	358414	608466	0
LFQ	43	0	0	75	0	0	172	747	1452	2171	2512	130	256	748	1077	1050	2993	1330	845	2864	1955	1958	3238	3468	6934	9022	5125	10556	9415	10454	10464	27837	26223	23605	53718	41827	101742	58197	85485	168112	146170	350311	639069	0
LFQ	44	0	0	93	0	0	170	794	1631	2151	2417	136	301	762	1124	1040	3032	1161	928	3029	2050	1986	3362	3581	7212	9135	4646	10887	9615	11078	11157	26353	26725	23975	53980	42905	105627	60220	86113	162741	139707	339326	652157	0
LFQ	45	0	0	114	0	0	190	797	1629	2326	2311	149	299	762	1252	1142	2821	870	995	2662	2014	3305	2490	3642	8154	9035	4721	11281	9513	11910	11502	26212	27261	24654	54908	44122	111206	61734	87897	158486	137941	332932	650068	0
LFQ	46	0	0	136	0	0	199	894	1886	2312	2247	149	338	828	1360	1229	2706	815	1083	2708	2092	3510	2522	3850	8629	9037	4370	11680	9756	12545	11832	25682	27890	25528	55457	46646	116262	64227	89853	156954	138745	327507	639843	0
LFQ	47	0	0	159	0	0	239	915	2021	2362	2121	161	388	883	1481	1282	2674	776	1081	2969	2127	3949	2587	4202	9093	8988	4096	12460	9920	13427	12395	25319	28968	26401	57117	48993	121323	66305	92299	154256	141755	321831	625984	0
LFQ	48	0	0	196	0	0	236	928	2103	2336	1982	196	406	926	1632	1330	2534	646	1245	3103	2115	4077	2587	4611	9819	8875	3945	13076	9853	14309	13225	24998	29789	27352	57635	51755	127814	69013	95426	151611	143806	315938	611879	0
LFQ	49	0	0	228	0	0	243	931	2259	2325	1846	207	438	960	1737	1318	2340	578	1262	3241	2167	4510	2622	4682	8520	9794	3280	13606	10960	15078	13484	24823	30795	28352	59515	54756	133594	71921	98688	137116	158596	310251	596284	0
LFQ	50	0	0	268	0	0	315	1053	2370	2544	1764	256	507	1036	1867	1437	2229	594	1246	3143	2086	4816	2624	4896	8809	9950	3158	14326	10894	16065	14320	24394	32180	29328	60089	57776	141144	75065	102299	134593	160609	302854	580403	0
LFQ	51	0	0	297	0	0	290	1037	2417	2653	1650	224	565	1020	1946	1474	2149	590	1357	3431	2100	5190	2682	5129	9183	9506	2912	14681	11086	16801	14989	24759	32298	30190	61046	61152	149002	78049	105352	132583	163522	295282	563748	0
LFQ	52	0	0	333	0	0	365	1061	2545	2715	1506	261	546	1094	2070	1499	1926	566	1309	3500	2142	5666	2833	5504	9424	9638	2863	15316	11167	17554	15475	24152	33555	31129	62240	64123	158423	80643	108543	130029	164681	288281	546647	0
LFQ	53	0	0	383	0	0	360	986	2719	2574	1298	256	620	1160	2180	1476	1914	617	1362	3594	2053	5797	2789	5759	9772	9469	2800	15888	11409	18354	15876	24187	34681	32306	62695	68193	167603	83050	113123	125667	167328	279806	530033	0
LFQ	54	0	0	428	0	0	460	1021	2817	2864	1181	317	621	1134	2246	1453	1812	607	1464	3844	1919	6171	2832	5884	10071	9489	2803	16595	11558	18970	16874	24332	35605	33343	64269	72018	177446	86935	115962	122443	169039	269842	512127	0
LFQ	55	0	0	480	0	0	460	1058	2972	2937	1048	353	665	929	2371	1649	1789	574	1654	4192	1984	6278	3268	6046	10214	6503	5662	17240	11193	19531	17653	24621	37005	34507	65262	76188	188490	90841	115511	122313	170107	261349	492428	0
LFQ	56	0	0	526	0	0	504	1020	3220	2968	939	390	781	999	2306	1639	1755	561	1702	4443	1877	6556	3470	6293	10388	6259	6015	17322	11444	20352	18747	25114	38139	35488	66962	80813	199280	94414	118832	119232	172190	251879	470788	0
LFQ	57	0	0	592	0	0	573	1049	3329	3103	820	432	831	1047	2363	1635	1692	551	1773	4544	1892	6856	3562	6752	10754	6279	6310	18435	11594	20447	19646	25235	39266	36435	67837	84775	211527	97986	122250	115132	173981	241853	450783	0
LFQ	58	0	0	658	0	0	610	1093	3518	3313	720	482	845	1078	2511	1670	1668	576	1835	4647	1886	7583	3513	6962	10894	6090	6697	18895	11885	21224	20594	25916	40641	38220	69889	88863	224351	100974	125342	111806	175665	231426	427519	0
LFQ	59	0	0	718	0	0	691	1209	3817	3419	661	520	976	1155	2647	1472	1732	572	1845	5404	1793	6567	3148	9232	8911	5413	6330	23494	12181	21889	21079	26836	41529	38927	71490	93114	237465	105011	129841	106837	176235	219917	406154	0
LFQ	60	0	0	786	0	0	700	1026	3696	3423	453	576	1037	1148	2795	1290	1866	494	1959	5570	1591	7066	3096	9656	8847	5343	6623	24263	12162	21872	21790	27151	42838	39932	72888	97632	253027	108648	132333	102657	177625	209722	384695	0
LFQ	61	0	0	857	0	0	798	1088	4030	3507	396	604	1039	1133	2711	1218	1840	617	2005	5986	1695	7452	3236	9851	9016	5390	6980	25144	12734	22121	22950	28337	44159	41399	75480	102064	267088	111834	135273	99548	177257	198551	360813	0
LFQ	62	0	0	1225	0	0	786	1016	4187	3439	275	651	1040	1158	2829	1258	1933	545	2102	6179	1601	7917	3303	10175	8687	5268	7193	25953	13031	21935	23840	29401	45014	42650	77446	107425	282236	115108	138260	94474	177976	187696	338890	0
LFQ	63	0	0	1687	0	0	905	1080	4483	3552	230	721	1074	1180	2776	1136	1888	569	2144	6346	1497	7952	3306	10570	8616	5250	7590	26431	13358	21622	24931	29987	46087	42954	80407	111939	298908	119181	140905	90185	176667	176263	317546	0
LFQ	64	0	0	2178	0	0	911	994	4542	3482	147	826	1205	1223	2821	1095	2125	568	2243	6671	1406	8367	3404	10776	8762	5295	8155	27352	13921	21434	25654	31236	47211	44650	81613	115783	316226	122675	143434	85894	176099	164520	294751	0
LFQ	65	0	0	2792	0	0	1017	956	4640	3353	136	878	1169	1137	2661	1008	1984	800	2361	5569	2885	8758	3308	9178	10372	5503	8566	27086	10288	21123	31354	32736	48426	45786	84271	121498	332350	125522	145427	80002	175842	153705	272579	0
LFQ	66	0	0	3476	0	0	957	946	4998	3233	89	889	1174	1234	2550	954	1917	817	2381	5617	2829	9113	3290	9296	10472	5588	8762	27558	10582	20431	32531	33530	49401	47266	86652	126501	350121	128079	147367	76007	174861	141829	250910	0
LFQ	67	0	0	4339	0	0	1065	954	5016	3123	45	995	1202	1282	2502	864	2108	817	2524	5820	2737	9310	3327	9439	10507	5715	9377	27975	10949	19808	33441	34768	50475	47716	88863	131164	369276	130902	148183	71166	173463	131124	229013	0
LFQ	68	0	0	5325	0	0	1014	787	4916	2883	31	1044	1229	1233	2362	770	2053	830	2401	5417	2822	9412	3142	9124	10475	5584	9503	27750	10741	18796	33926	35401	50407	48405	90327	133938	391335	134525	150467	63567	175266	117234	213893	0
LFQ	69	0	0	10330	0	0	1088	932	5531	3387	22	1205	1324	1301	2478	821	2334	873	2812	6047	3081	9921	3206	9689	10696	5859	10177	28659	11344	19027	35267	35756	50474	49032	91895	136268	411323	136526	150451	58794	169085	104562	193561	0
LFQ	70	0	0	8484	0	0	1165	848	5903	3085	13	1619	2515	2411	2663	752	2368	798	2719	5991	2986	10265	3245	6584	8449	11199	10465	28727	11135	17966	35928	37266	50914	49341	92948	140182	432884	138775	152229	53699	165038	94363	175972	0
LFQ	71	0	0	9268	0	0	1227	764	5960	2869	2	1654	2734	2372	2410	718	2434	898	2859	6294	3013	11077	3209	6309	8508	11700	10979	29360	11636	17259	36975	38089	51077	50744	95821	143044	452321	141007	151962	48911	160736	84334	158029	0
LFQ	72	0	0	10249	0	0	1202	755	5994	2813	4	1600	1979	1725	2248	637	2533	903	3102	6379	3133	11722	3167	5875	8667	12105	11398	29736	11967	16696	37736	38407	51464	51218	97992	149526	471176	142590	153017	44136	155539	74789	141063	0
LFQ	73	0	0	11539	0	0	1191	677	5456	2547	4	1525	1672	1442	2012	504	2537	797	2951	5947	3069	11394	2862	5516	8658	12187	11190	29003	12253	15412	37764	39615	51397	51449	98666	150857	496753	146206	153512	38040	154038	64341	126846	0
LFQ	74	0	0	12715	0	0	1200	606	5670	2352	3	1560	1673	1437	1959	470	2667	882	3028	6168	3077	11291	2949	5302	8685	12311	11804	28335	12328	14864	38893	40038	51198	51317	100442	154045	519618	147973	152721	33975	147336	55864	111468	0
LFQ	75	0	0	14148	0	0	1333	588	5485	2198	3	1542	1611	1446	1838	454	2798	833	3057	5971	3205	11428	2936	4964	8440	12475	12146	22035	18464	13974	39358	39775	51392	51851	101620	156832	543027	150186	151221	30209	141107	47606	96815	0
LFQ	76	0	0	15666	0	0	1325	547	5428	2082	5	1676	1508	1326	1642	436	2755	769	3171	5982	3326	11489	2621	4679	8600	12853	12548	21321	19185	12926	39817	40525	51364	52119	103183	160652	564349	151685	149450	26450	134454	40076	82267	0
LFQ	77	0	0	17282	0	0	1343	517	5852	1890	2	1705	1299	1345	1537	383	2780	857	3210	6280	3430	11388	2487	4394	8865	12984	13139	20882	19914	12176	40455	40869	51708	52865	105208	164785	583189	152139	147315	23234	126428	33318	68623	0
LFQ	78	0	0	18988	0	0	1392	444	6014	1888	1	1745	1377	1341	1427	364	2978	849	3203	6691	3607	11990	2580	4228	9060	13514	13499	20552	20339	11481	41870	40957	52296	53479	107347	169342	599264	153064	143370	20203	117479	27300	56182	0
LFQ	79	0	0	20784	0	0	1401	486	6461	1905	2	1962	1360	1362	1377	334	3137	855	3355	6562	3698	12142	2349	3873	9021	13618	14430	20251	20857	10903	42473	41144	52812	54073	109018	172297	617290	153311	139478	17537	107793	22103	45418	0
LFQ	80	0	0	22684	0	0	1398	370	5928	1646	0	1977	1369	1365	1352	347	3136	866	3518	6634	3815	12167	2318	3514	9366	14102	15018	19530	21767	10190	43114	41426	53166	54722	111089	176477	633237	152921	134863	14889	98246	17867	35950	0
LFQ	81	0	0	24630	0	0	1428	358	6096	1586	1	2024	1239	1424	1123	293	3322	888	3389	6620	3982	12195	2281	3207	9390	14193	15464	18690	22346	9354	43882	41615	53313	55370	111910	179883	652179	152159	128968	12710	88302	13826	27896	0
LFQ	82	0	0	26630	0	0	1459	328	5896	1432	4	2072	1215	1400	988	257	3231	845	3503	6699	4011	12454	2095	2873	9775	14717	15579	18236	22761	8783	43883	41794	53780	55542	113641	183792	668187	151192	123874	10560	77843	10530	20909	0
LFQ	83	0	0	28742	0	0	1489	278	5972	1406	0	2092	1121	1407	937	253	3460	842	3608	6519	4419	12370	1894	2663	9846	14816	16412	17522	23501	8029	44196	41735	53844	55751	114587	187184	684312	149850	116933	8709	67852	7766	15587	0
LFQ	84	0	0	31143	0	0	1433	280	6102	1278	0	2121	1091	1473	785	257	3401	855	3648	6839	4470	12275	1872	2419	9800	15203	16750	16599	24212	7589	45114	41664	53822	56155	114990	190898	699419	147418	109414	7294	58478	5489	10838	0
LFQ	85	0	0	33556	0	0	1527	229	5900	1176	0	1999	1053	1393	725	216	3375	920	3697	6718	4484	12328	1751	2174	10141	14843	17071	15816	24334	7045	45428	41655	54834	56427	116197	193689	713284	145651	101952	5640	49050	3887	7516	0
LFQ	86	0	0	36063	0	0	1466	241	6195	1112	0	2228	1016	1389	671	173	3408	914	3711	6979	4587	12333	1624	1930	9993	15327	17476	15304	25013	6408	45872	41865	54738	56728	117119	197697	724542	142443	93129	4533	40432	2549	4961	0
LFQ	87	0	0	38806	0	0	1480	225	6133	1016	1	2256	986	1388	520	166	3512	905	3676	6731	4730	12342	1482	1771	10056	15513	17847	14458	25553	6005	46106	41398	55096	57249	118357	199086	735805	140157	84920	3478	32488	1690	3210	0
LFQ	88	0	0	41505	0	0	1413	183	6023	939	0	2224	925	1450	486	178	3546	950	3879	7088	4963	12147	1331	1581	10512	15887	18373	13648	25534	5546	46357	41133	54976	57898	118082	201618	746839	136402	75833	2705	25211	1096	2136	0
LFQ	89	0	0	44571	0	0	1478	179	6030	897	0	2274	874	1418	415	140	3501	951	3708	7028	5098	12292	1346	1397	10491	15879	19096	13152	26212	5232	46707	41271	54698	57337	118416	204402	755213	132905	66678	2005	19034	711	1391	0
LFQ	90	0	0	47749	0	0	1363	126	5689	870	0	2270	822	1322	333	144	3554	909	3754	6699	5094	12046	1114	1295	10404	15893	19129	12296	26464	4778	46452	40602	55102	57725	118451	205073	766108	129277	58171	1464	14018	509	874	0
LFQ	91	0	0	51203	0	0	1314	124	5553	755	1	2182	695	1273	310	116	3495	869	3737	6715	5120	11626	1040	1116	10525	15968	19422	11201	26609	4441	46473	40554	54796	58019	118553	207397	774323	124334	49797	1086	9764	310	624	0
LFQ	92	0	0	54928	0	0	1288	106	5376	710	0	2165	717	1283	233	105	3467	894	3761	6914	5369	11495	888	1013	10479	15672	19641	10496	26875	4146	46618	40420	54534	57894	118851	209143	779427	119648	42236	759	6613	221	442	0
LFQ	93	0	0	58976	0	0	1165	80	4860	637	0	2062	638	1211	192	94	3271	936	3706	6729	5336	11059	741	914	10772	15864	19918	9716	26911	3886	46259	40432	54605	58420	118517	209061	786516	113622	35328	471	4361	166	328	0
LFQ	94	0	0	63230	0	0	1149	55	4547	621	0	1970	541	1133	162	89	3229	866	3699	6519	5316	10538	613	845	10576	15529	20102	8573	27013	3655	45625	40408	54621	58557	118494	209621	790973	108150	29073	328	2781	125	270	0
LFQ	95	0	0	68463	0	0	981	53	4284	534	0	1796	477	118	976	64	3176	874	3469	6468	5361	10137	497	827	10435	15551	19982	7983	26873	3452	45217	40252	54179	58285	117953	210632	794282	103212	23399	208	1803	106	174	0
LFQ	96	0	0	74276	0	0	900	38	3710	464	0	1608	405	101	921	54	3025	844	3293	6151	5348	9780	435	765	10102	15021	19966	7204	26802	3086	45498	40065	53469	58091	118517	210233	796082	98173	18511	163	1212	92	153	0
LFQ	97	0	0	80916	0	0	670	28	3227	361	0	1398	320	83	758	47	2907	854	3310	5974	5319	9286	365	710	10220	15094	20103	6755	26735	2801	44338	39673	53569	57993	118332	210546	793635	92714	14667	98	842	66	117	0
LFQ	98	0	0	88469	0	0	484	19	2316	245	0	1024	201	53	594	28	2630	847	3088	5910	4934	8624	272	702	10010	14553	19681	6015	26857	2633	44308	39614	53054	58262	117991	210110	793548	87710	11617	77	540	66	99	0
LFQ	99	0	0	96586	0	0	185	7	1137	116	0	568	87	21	344	15	2527	761	2884	5770	4661	8018	216	652	9665	14494	19253	5424	26456	2572	43393	39722	53304	58383	118166	210608	789553	84037	9243	77	417	45	81	0
LFQ	100	0	0	105483	0	0	0	0	10	1	0	8	0	0	38	1	2492	907	2972	6202	4775	8005	214	750	9642	14859	19770	5020	27182	2419	44129	40060	54068	57913	116699	212487	779144	78273	7424	49	325	39	55	0
LFQ	101	0	0	112867	0	0	0	0	0	0	0	0	0	0	0	0	3901	1532	4362	10190	7192	11166	267	925	12627	18724	26098	5548	31998	2360	52049	44681	62886	66406	124123	241122	683470	63358	4992	53	212	35	23	0
# GC Content of first fragments. Use `grep ^GCF | cut -f 2-` to extract this part.
GCF	1.76	0
GCF	4.02	3
GCF	5.03	0
GCF	6.03	2
GCF	7.04	0
GCF	8.04	11
GCF	9.05	7
GCF	10.55	3
GCF	12.06	11
GCF	13.07	13
GCF	14.07	21
GCF	14.82	37
GCF	15.33	39
GCF	16.08	104
GCF	17.09	153
GCF	17.84	303
GCF	18.34	311
GCF	18.84	572
GCF	19.35	565
GCF	19.85	843
GCF	20.35	854
GCF	20.85	1202
GCF	21.36	1209
GCF	21.86	1760
GCF	22.36	1777
GCF	22.86	2745
GCF	23.37	2776
GCF	23.87	3616
GCF	24.37	3640
GCF	24.87	5169
GCF	25.38	5182
GCF	25.88	6943
GCF	26.38	6982
GCF	26.88	8879
GCF	27.39	8938
GCF	27.89	10452
GCF	28.39	10500
GCF	28.89	12772
GCF	29.40	12845
GCF	29.90	15289
GCF	30.40	15366
GCF	30.90	17351
GCF	31.41	17473
GCF	31.91	19593
GCF	32.41	19698
GCF	32.91	22294
GCF	33.42	23157
GCF	33.92	23273
GCF	34.42	25521
GCF	34.92	25713
GCF	35.43	28284
GCF	35.93	28474
GCF	36.43	30193
GCF	36.93	30290
GCF	37.44	31249
GCF	37.94	31352
GCF	38.44	33598
GCF	38.94	33746
GCF	39.45	35204
GCF	39.95	35367
GCF	40.45	36911
GCF	40.95	37003
GCF	41.46	37559
GCF	41.96	37726
GCF	42.46	38171
GCF	42.96	38274
GCF	43.47	37705
GCF	43.97	37829
GCF	44.47	40619
GCF	44.97	40869
GCF	45.48	42170
GCF	45.98	42335
GCF	46.48	44820
GCF	46.98	44947
GCF	47.49	45081
GCF	47.99	45369
GCF	48.49	45785
GCF	48.99	45833
GCF	49.50	46426
GCF	50.00	46757
GCF	50.50	47108
GCF	51.01	47267
GCF	51.51	47401
GCF	52.01	47546
GCF	52.51	49671
GCF	53.02	50023
GCF	53.52	51672
GCF	54.02	51973
GCF	54.52	52717
GCF	55.03	52803
GCF	55.53	54466
GCF	56.03	54918
GCF	56.53	57730
GCF	57.04	58146
GCF	57.54	62799
GCF	58.04	63582
GCF	58.54	67199
GCF	59.05	67788
GCF	59.55	69760
GCF	60.05	69783
GCF	60.55	68977
GCF	61.06	69145
GCF	61.56	68618
GCF	62.06	68390
GCF	62.56	64352
GCF	63.07	63835
GCF	63.57	58452
GCF	64.07	57817
GCF	64.57	52292
GCF	65.08	51591
GCF	65.58	44672
GCF	66.08	43758
GCF	66.58	37056
GCF	67.09	32530
GCF	67.59	31825
GCF	68.09	27033
GCF	68.59	26638
GCF	69.10	23088
GCF	69.60	22707
GCF	70.10	19117
GCF	70.60	18634
GCF	71.11	15132
GCF	71.61	14820
GCF	72.11	11543
GCF	72.61	11305
GCF	73.12	8953
GCF	73.62	8594
GCF	74.12	6491
GCF	74.62	6317
GCF	75.13	5180
GCF	75.63	5120
GCF	76.13	3897
GCF	76.63	3762
GCF	77.14	3122
GCF	77.64	3074
GCF	78.14	2461
GCF	78.64	2403
GCF	79.15	1682
GCF	79.65	1603
GCF	80.15	1150
GCF	80.65	1078
GCF	81.16	630
GCF	81.66	588
GCF	82.16	385
GCF	82.66	372
GCF	83.17	211
GCF	83.67	212
GCF	84.17	112
GCF	84.67	105
GCF	85.18	62
GCF	85.68	52
GCF	86.18	18
GCF	86.68	17
GCF	87.19	8
GCF	87.69	7
GCF	88.44	2
GCF	89.20	3
GCF	90.20	4
GCF	91.21	2
GCF	92.71	0
GCF	94.47	1
# GC Content of last fragments. Use `grep ^GCL | cut -f 2-` to extract this part.
GCL	0.25	0
GCL	1.01	1
GCL	2.01	0
GCL	3.02	1
GCL	4.52	0
GCL	6.03	1
GCL	7.04	0
GCL	8.04	12
GCL	9.55	8
GCL	11.06	16
GCL	12.06	13
GCL	13.07	10
GCL	14.07	29
GCL	14.82	39
GCL	15.33	41
GCL	16.08	98
GCL	17.09	139
GCL	17.84	267
GCL	18.34	273
GCL	18.84	590
GCL	19.35	585
GCL	19.85	774
GCL	20.35	787
GCL	20.85	1189
GCL	21.36	1197
GCL	21.86	1748
GCL	22.36	1760
GCL	22.86	2655
GCL	23.37	2689
GCL	23.87	3625
GCL	24.37	3653
GCL	24.87	4825
GCL	25.38	4835
GCL	25.88	6715
GCL	26.38	6747
GCL	26.88	8659
GCL	27.39	8731
GCL	27.89	10134
GCL	28.39	10182
GCL	28.89	12308
GCL	29.40	12372
GCL	29.90	15045
GCL	30.40	15134
GCL	30.90	16934
GCL	31.41	17077
GCL	31.91	19373
GCL	32.41	19450
GCL	32.91	21543
GCL	33.42	22985
GCL	33.92	23087
GCL	34.42	25151
GCL	34.92	25371
GCL	35.43	27707
GCL	35.93	27894
GCL	36.43	29967
GCL	36.93	30064
GCL	37.44	31196
GCL	37.94	31302
GCL	38.44	33472
GCL	38.94	33627
GCL	39.45	34819
GCL	39.95	34939
GCL	40.45	36769
GCL	40.95	36891
GCL	41.46	37376
GCL	41.96	37542
GCL	42.46	38198
GCL	42.96	38311
GCL	43.47	37737
GCL	43.97	37881
GCL	44.47	40754
GCL	44.97	41004
GCL	45.48	41719
GCL	45.98	41885
GCL	46.48	44500
GCL	46.98	44620
GCL	47.49	45225
GCL	47.99	45497
GCL	48.49	45731
GCL	48.99	45830
GCL	49.50	46949
GCL	50.00	47247
GCL	50.50	47562
GCL	51.01	47690
GCL	51.51	47932
GCL	52.01	48103
GCL	52.51	50164
GCL	53.02	50505
GCL	53.52	51445
GCL	54.02	51747
GCL	54.52	53117
GCL	55.03	53247
GCL	55.53	54328
GCL	56.03	54761
GCL	56.53	57696
GCL	57.04	58149
GCL	57.54	62790
GCL	58.04	63504
GCL	58.54	67034
GCL	59.05	67566
GCL	59.55	69322
GCL	60.05	69378
GCL	60.55	69436
GCL	61.06	69615
GCL	61.56	68976
GCL	62.06	68813
GCL	62.56	64337
GCL	63.07	63848
GCL	63.57	59109
GCL	64.07	58518
GCL	64.57	52208
GCL	65.08	51506
GCL	65.58	45024
GCL	66.08	44068
GCL	66.58	37473
GCL	67.09	32556
GCL	67.59	31866
GCL	68.09	27383
GCL	68.59	26925
GCL	69.10	23401
GCL	69.60	23012
GCL	70.10	19420
GCL	70.60	18884
GCL	71.11	15414
GCL	71.61	15143
GCL	72.11	11849
GCL	72.61	11601
GCL	73.12	9084
GCL	73.62	8755
GCL	74.12	6533
GCL	74.62	6335
GCL	75.13	5205
GCL	75.63	5120
GCL	76.13	4000
GCL	76.63	3872
GCL	77.14	3179
GCL	77.64	3134
GCL	78.14	2579
GCL	78.64	2521
GCL	79.15	1821
GCL	79.65	1741
GCL	80.15	1256
GCL	80.65	1190
GCL	81.16	693
GCL	81.66	649
GCL	82.16	443
GCL	82.66	430
GCL	83.17	233
GCL	83.67	234
GCL	84.17	142
GCL	84.67	131
GCL	85.18	88
GCL	85.68	76
GCL	86.43	24
GCL	87.19	17
GCL	87.69	15
GCL	88.19	8
GCL	88.69	5
GCL	89.20	8
GCL	89.70	7
GCL	90.45	5
GCL	91.21	3
GCL	91.71	2
GCL	92.46	1
# ACGT content per cycle. Use `grep ^GCC | cut -f 2-` to extract this part. The columns are: cycle; A,C,G,T base counts as a percentage of all A/C/G/T bases [%]; and N and O counts as a percentage of all A/C/G/T bases [%]
GCC	1	12.67	37.10	37.38	12.85	0.02	0.00
GCC	2	24.94	25.15	25.05	24.86	0.00	0.00
GCC	3	22.33	27.65	27.63	22.38	0.00	0.00
GCC	4	22.28	27.53	27.70	22.50	0.01	0.00
GCC	5	32.25	17.47	17.49	32.79	0.00	0.00
GCC	6	22.45	27.33	27.61	22.61	0.00	0.00
GCC	7	22.25	27.68	27.73	22.35	0.00	0.00
GCC	8	24.11	25.96	25.94	23.99	0.00	0.00
GCC	9	14.79	35.08	35.22	14.91	0.00	0.00
GCC	10	29.04	20.81	20.92	29.23	0.00	0.00
GCC	11	20.33	29.67	29.65	20.35	0.00	0.00
GCC	12	24.72	25.25	25.32	24.72	0.00	0.00
GCC	13	20.73	29.32	29.25	20.71	0.00	0.00
GCC	14	20.74	29.14	29.20	20.92	0.00	0.00
GCC	15	23.36	26.64	26.51	23.49	0.00	0.00
GCC	16	23.70	26.08	26.23	23.98	0.00	0.00
GCC	17	24.53	25.41	25.33	24.73	0.00	0.00
GCC	18	24.54	25.39	25.49	24.58	0.00	0.00
GCC	19	24.08	25.76	25.77	24.39	0.01	0.00
GCC	20	24.12	25.76	25.90	24.23	0.00	0.00
GCC	21	23.92	25.96	25.97	24.16	0.00	0.00
GCC	22	24.08	25.83	25.96	24.14	0.00	0.00
GCC	23	24.07	25.90	26.04	23.99	0.00	0.00
GCC	24	24.10	25.86	26.01	24.03	0.00	0.00
GCC	25	23.88	26.00	26.13	23.98	0.00	0.00
GCC	26	24.07	25.72	25.96	24.24	0.00	0.00
GCC	27	24.12	25.93	25.86	24.09	0.00	0.00
GCC	28	24.09	25.84	25.87	24.19	0.00	0.00
GCC	29	24.23	25.66	25.78	24.34	0.00	0.00
GCC	30	24.11	25.75	25.88	24.27	0.00	0.00
GCC	31	24.22	25.69	25.83	24.26	0.00	0.00
GCC	32	24.26	25.64	25.67	24.43	0.00	0.00
GCC	33	24.11	25.84	25.78	24.28	0.00	0.00
GCC	34	24.17	25.83	25.81	24.19	0.00	0.00
GCC	35	24.20	25.82	25.73	24.26	0.00	0.00
GCC	36	24.28	25.65	25.81	24.27	0.00	0.00
GCC	37	24.26	25.72	25.83	24.19	0.00	0.00
GCC	38	24.37	25.63	25.66	24.35	0.00	0.00
GCC	39	24.34	25.64	25.69	24.32	0.00	0.00
GCC	40	24.17	25.66	25.81	24.36	0.00	0.00
GCC	41	24.45	25.61	25.55	24.39	0.00	0.00
GCC	42	24.39	25.68	25.68	24.25	0.00	0.00
GCC	43	24.28	25.81	25.71	24.19	0.00	0.00
GCC	44	24.38	25.61	25.66	24.35	0.00	0.00
GCC	45	24.16	25.74	25.81	24.28	0.00	0.00
GCC	46	24.37	25.62	25.73	24.28	0.00	0.00
GCC	47	24.36	25.58	25.60	24.46	0.00	0.00
GCC	48	24.35	25.75	25.60	24.31	0.00	0.00
GCC	49	24.40	25.64	25.69	24.27	0.00	0.00
GCC	50	24.47	25.56	25.60	24.36	0.00	0.00
GCC	51	24.27	25.60	25.73	24.40	0.00	0.00
GCC	52	24.29	25.70	25.66	24.35	0.00	0.00
GCC	53	24.46	25.58	25.57	24.39	0.00	0.00
GCC	54	24.33	25.73	25.64	24.30	0.00	0.00
GCC	55	24.25	25.76	25.80	24.19	0.00	0.00
GCC	56	24.42	25.60	25.72	24.27	0.00	0.00
GCC	57	24.34	25.74	25.68	24.24	0.00	0.00
GCC	58	24.40	25.57	25.71	24.32	0.00	0.00
GCC	59	24.41	25.63	25.55	24.41	0.00	0.00
GCC	60	24.38	25.65	25.71	24.26	0.00	0.00
GCC	61	24.22	25.58	25.79	24.41	0.00	0.00
GCC	62	24.29	25.62	25.68	24.41	0.00	0.00
GCC	63	24.35	25.71	25.64	24.30	0.00	0.00
GCC	64	24.33	25.70	25.71	24.25	0.00	0.00
GCC	65	24.49	25.59	25.67	24.26	0.00	0.00
GCC	66	24.28	25.70	25.68	24.34	0.00	0.00
GCC	67	24.38	25.76	25.64	24.22	0.00	0.00
GCC	68	24.43	25.58	25.56	24.43	0.00	0.00
GCC	69	24.36	25.58	25.72	24.34	0.12	0.00
GCC	70	24.29	25.72	25.77	24.21	0.03	0.00
GCC	71	24.18	25.62	25.79	24.41	0.02	0.00
GCC	72	24.46	25.74	25.58	24.22	0.01	0.00
GCC	73	24.30	25.68	25.69	24.32	0.01	0.00
GCC	74	24.21	25.66	25.72	24.41	0.00	0.00
GCC	75	24.34	25.65	25.82	24.19	0.00	0.00
GCC	76	24.32	25.67	25.74	24.26	0.00	0.00
GCC	77	24.53	25.61	25.54	24.33	0.00	0.00
GCC	78	24.33	25.75	25.69	24.23	0.00	0.00
GCC	79	24.15	25.70	25.78	24.37	0.00	0.00
GCC	80	24.28	25.57	25.72	24.43	0.00	0.00
GCC	81	24.25	25.64	25.76	24.35	0.00	0.00
GCC	82	24.31	25.54	25.75	24.41	0.00	0.00
GCC	83	24.40	25.56	25.73	24.31	0.00	0.00
GCC	84	24.27	25.57	25.79	24.37	0.00	0.00
GCC	85	24.19	25.80	25.68	24.34	0.00	0.00
GCC	86	24.31	25.65	25.58	24.46	0.00	0.00
GCC	87	24.33	25.62	25.68	24.38	0.00	0.00
GCC	88	24.32	25.71	25.59	24.37	0.00	0.00
GCC	89	24.29	25.62	25.72	24.37	0.00	0.00
GCC	90	24.28	25.60	25.68	24.43	0.00	0.00
GCC	91	24.36	25.60	25.71	24.33	0.00	0.00
GCC	92	24.38	25.69	25.67	24.26	0.00	0.00
GCC	93	24.29	25.67	25.74	24.30	0.00	0.00
GCC	94	24.31	25.74	25.68	24.26	0.00	0.00
GCC	95	24.20	25.61	25.68	24.51	0.00	0.00
GCC	96	24.28	25.64	25.60	24.47	0.00	0.00
GCC	97	24.25	25.70	25.72	24.33	0.00	0.00
GCC	98	24.28	25.64	25.74	24.34	0.00	0.00
GCC	99	24.22	25.81	25.54	24.44	0.00	0.00
GCC	100	24.22	25.61	25.77	24.40	0.06	0.00
GCC	101	24.33	25.65	25.54	24.48	0.11	0.00
# ACGT content per cycle, read oriented. Use `grep ^GCT | cut -f 2-` to extract this part. The columns are: cycle; A,C,G,T base counts as a percentage of all A/C/G/T bases [%]
GCT	1	15.13	28.99	45.49	10.38
GCT	2	17.66	31.54	18.66	32.13
GCT	3	18.17	35.57	19.71	26.55
GCT	4	13.12	41.46	13.76	31.65
GCT	5	32.28	17.96	17.00	32.76
GCT	6	30.80	15.48	39.46	14.27
GCT	7	26.94	20.94	34.46	17.66
GCT	8	30.67	21.97	29.92	17.43
GCT	9	13.37	44.08	26.22	16.33
GCT	10	25.46	26.54	15.19	32.81
GCT	11	19.56	21.49	37.83	21.12
GCT	12	21.53	25.65	24.91	27.90
GCT	13	18.09	28.13	30.44	23.34
GCT	14	17.56	35.67	22.67	24.09
GCT	15	25.91	27.97	25.18	20.94
GCT	16	24.97	26.71	25.60	22.72
GCT	17	24.59	25.98	24.76	24.67
GCT	18	24.51	25.64	25.24	24.61
GCT	19	24.09	25.98	25.55	24.38
GCT	20	23.85	26.18	25.48	24.50
GCT	21	23.67	26.70	25.22	24.40
GCT	22	23.52	26.53	25.26	24.70
GCT	23	23.63	26.62	25.32	24.43
GCT	24	23.62	26.63	25.23	24.52
GCT	25	23.57	26.62	25.52	24.30
GCT	26	23.77	26.48	25.20	24.55
GCT	27	23.66	26.60	25.19	24.55
GCT	28	23.72	26.40	25.31	24.57
GCT	29	23.84	26.37	25.07	24.72
GCT	30	23.94	26.29	25.33	24.44
GCT	31	24.08	26.25	25.27	24.40
GCT	32	23.97	26.23	25.08	24.72
GCT	33	23.70	26.43	25.19	24.68
GCT	34	23.57	26.46	25.17	24.79
GCT	35	23.65	26.38	25.17	24.81
GCT	36	24.02	26.24	25.21	24.53
GCT	37	24.00	26.22	25.33	24.45
GCT	38	24.14	26.07	25.21	24.58
GCT	39	24.01	26.23	25.11	24.66
GCT	40	23.86	26.22	25.25	24.67
GCT	41	24.14	26.13	25.04	24.70
GCT	42	24.15	26.06	25.30	24.50
GCT	43	23.95	26.27	25.26	24.52
GCT	44	24.10	26.10	25.17	24.63
GCT	45	23.92	26.18	25.38	24.52
GCT	46	24.05	26.19	25.16	24.60
GCT	47	24.14	26.01	25.17	24.68
GCT	48	24.15	25.89	25.45	24.51
GCT	49	24.14	25.95	25.39	24.53
GCT	50	24.18	25.92	25.24	24.65
GCT	51	24.13	26.00	25.33	24.54
GCT	52	24.01	25.99	25.37	24.63
GCT	53	24.21	25.99	25.17	24.64
GCT	54	24.10	25.93	25.44	24.53
GCT	55	24.03	26.04	25.51	24.41
GCT	56	24.20	25.81	25.51	24.48
GCT	57	24.10	26.02	25.39	24.48
GCT	58	24.08	26.00	25.28	24.64
GCT	59	24.14	25.86	25.32	24.69
GCT	60	24.13	25.93	25.43	24.51
GCT	61	24.28	25.80	25.57	24.35
GCT	62	24.20	25.76	25.53	24.51
GCT	63	24.23	25.86	25.48	24.42
GCT	64	24.15	25.85	25.56	24.43
GCT	65	24.21	25.80	25.46	24.53
GCT	66	24.30	25.81	25.58	24.31
GCT	67	24.14	25.68	25.72	24.46
GCT	68	24.37	25.57	25.57	24.48
GCT	69	24.23	25.63	25.66	24.47
GCT	70	24.19	25.79	25.71	24.31
GCT	71	24.33	25.72	25.69	24.26
GCT	72	24.26	25.59	25.73	24.43
GCT	73	24.39	25.70	25.67	24.23
GCT	74	24.38	25.64	25.73	24.25
GCT	75	24.39	25.65	25.82	24.14
GCT	76	24.40	25.60	25.82	24.18
GCT	77	24.47	25.52	25.63	24.38
GCT	78	24.37	25.61	25.83	24.19
GCT	79	24.31	25.66	25.82	24.21
GCT	80	24.39	25.42	25.87	24.32
GCT	81	24.39	25.61	25.80	24.21
GCT	82	24.42	25.65	25.63	24.30
GCT	83	24.44	25.58	25.70	24.28
GCT	84	24.43	25.44	25.92	24.21
GCT	85	24.45	25.57	25.91	24.07
GCT	86	24.62	25.32	25.91	24.14
GCT	87	24.57	25.38	25.91	24.13
GCT	88	24.41	25.45	25.86	24.28
GCT	89	24.45	25.56	25.78	24.21
GCT	90	24.51	25.53	25.76	24.20
GCT	91	24.50	25.39	25.92	24.19
GCT	92	24.56	25.48	25.87	24.09
GCT	93	24.47	25.43	25.97	24.12
GCT	94	24.43	25.43	25.99	24.15
GCT	95	24.58	25.43	25.85	24.13
GCT	96	24.57	25.44	25.81	24.19
GCT	97	24.65	25.43	25.98	23.93
GCT	98	24.71	25.34	26.03	23.91
GCT	99	24.57	25.40	25.94	24.08
GCT	100	24.61	25.38	26.01	24.01
GCT	101	24.71	25.42	25.77	24.10
# ACGT content per cycle for first fragments. Use `grep ^FBC | cut -f 2-` to extract this part. The columns are: cycle; A,C,G,T base counts as a percentage of all A/C/G/T bases [%]; and N and O counts as a percentage of all A/C/G/T bases [%]
FBC	1	13.17	36.54	36.90	13.39	0.00	0.00
FBC	2	24.99	25.09	25.06	24.86	0.00	0.00
FBC	3	22.79	27.16	27.20	22.85	0.00	0.00
FBC	4	22.52	27.30	27.43	22.74	0.01	0.00
FBC	5	32.29	17.46	17.44	32.81	0.00	0.00
FBC	6	22.52	27.28	27.53	22.67	0.00	0.00
FBC	7	22.25	27.68	27.74	22.34	0.00	0.00
FBC	8	24.15	25.94	25.89	24.02	0.00	0.00
FBC	9	14.67	35.23	35.32	14.78	0.00	0.00
FBC	10	29.13	20.71	20.81	29.35	0.00	0.00
FBC	11	20.29	29.72	29.68	20.31	0.00	0.00
FBC	12	24.75	25.26	25.26	24.73	0.00	0.00
FBC	13	20.71	29.35	29.25	20.69	0.00	0.00
FBC	14	20.71	29.15	29.20	20.94	0.00	0.00
FBC	15	23.39	26.60	26.45	23.56	0.00	0.00
FBC	16	23.71	26.04	26.23	24.02	0.00	0.00
FBC	17	24.56	25.43	25.28	24.74	0.00	0.00
FBC	18	24.60	25.32	25.48	24.60	0.00	0.00
FBC	19	24.14	25.75	25.70	24.41	0.02	0.00
FBC	20	24.14	25.71	25.91	24.24	0.00	0.00
FBC	21	23.94	25.90	25.99	24.18	0.00	0.00
FBC	22	24.11	25.80	25.94	24.15	0.00	0.00
FBC	23	24.08	25.90	26.01	24.01	0.00	0.00
FBC	24	24.12	25.87	25.95	24.06	0.00	0.00
FBC	25	23.92	25.99	26.07	24.02	0.00	0.00
FBC	26	24.05	25.71	25.98	24.26	0.00	0.00
FBC	27	24.18	25.89	25.86	24.07	0.00	0.00
FBC	28	24.11	25.85	25.83	24.21	0.00	0.00
FBC	29	24.24	25.66	25.80	24.30	0.00	0.00
FBC	30	24.11	25.70	25.88	24.31	0.01	0.00
FBC	31	24.19	25.72	25.82	24.28	0.00	0.00
FBC	32	24.22	25.69	25.66	24.44	0.00	0.00
FBC	33	24.11	25.83	25.73	24.33	0.00	0.00
FBC	34	24.20	25.80	25.80	24.21	0.00	0.00
FBC	35	24.20	25.80	25.72	24.27	0.00	0.00
FBC	36	24.29	25.64	25.81	24.27	0.00	0.00
FBC	37	24.29	25.67	25.81	24.23	0.00	0.00
FBC	38	24.37	25.63	25.68	24.32	0.00	0.00
FBC	39	24.35	25.61	25.71	24.33	0.00	0.00
FBC	40	24.17	25.65	25.79	24.39	0.00	0.00
FBC	41	24.50	25.60	25.53	24.37	0.00	0.00
FBC	42	24.41	25.70	25.69	24.20	0.00	0.00
FBC	43	24.29	25.80	25.67	24.23	0.00	0.00
FBC	44	24.40	25.60	25.64	24.36	0.00	0.00
FBC	45	24.19	25.75	25.76	24.31	0.00	0.00
FBC	46	24.41	25.61	25.69	24.30	0.00	0.00
FBC	47	24.34	25.54	25.64	24.48	0.00	0.00
FBC	48	24.34	25.70	25.65	24.30	0.00	0.00
FBC	49	24.38	25.60	25.70	24.32	0.00	0.00
FBC	50	24.46	25.57	25.63	24.35	0.00	0.00
FBC	51	24.27	25.60	25.69	24.45	0.00	0.00
FBC	52	24.26	25.71	25.66	24.37	0.00	0.00
FBC	53	24.47	25.56	25.58	24.38	0.00	0.00
FBC	54	24.36	25.75	25.61	24.28	0.00	0.00
FBC	55	24.25	25.80	25.83	24.12	0.00	0.00
FBC	56	24.43	25.60	25.69	24.29	0.00	0.00
FBC	57	24.35	25.68	25.69	24.27	0.00	0.00
FBC	58	24.45	25.54	25.70	24.31	0.00	0.00
FBC	59	24.42	25.60	25.58	24.40	0.00	0.00
FBC	60	24.40	25.63	25.70	24.27	0.00	0.00
FBC	61	24.25	25.58	25.75	24.43	0.00	0.00
FBC	62	24.26	25.60	25.71	24.43	0.00	0.00
FBC	63	24.35	25.75	25.60	24.30	0.00	0.00
FBC	64	24.37	25.63	25.68	24.32	0.00	0.00
FBC	65	24.51	25.57	25.68	24.25	0.00	0.00
FBC	66	24.29	25.69	25.68	24.35	0.00	0.00
FBC	67	24.41	25.72	25.62	24.26	0.00	0.00
FBC	68	24.44	25.59	25.52	24.46	0.00	0.00
FBC	69	24.40	25.55	25.69	24.37	0.00	0.00
FBC	70	24.32	25.72	25.74	24.22	0.00	0.00
FBC	71	24.15	25.60	25.79	24.47	0.00	0.00
FBC	72	24.48	25.71	25.54	24.27	0.00	0.00
FBC	73	24.32	25.70	25.65	24.33	0.00	0.00
FBC	74	24.23	25.69	25.70	24.38	0.00	0.00
FBC	75	24.31	25.67	25.81	24.21	0.00	0.00
FBC	76	24.37	25.63	25.69	24.31	0.00	0.00
FBC	77	24.53	25.63	25.49	24.35	0.00	0.00
FBC	78	24.34	25.75	25.65	24.25	0.00	0.00
FBC	79	24.15	25.70	25.77	24.38	0.00	0.00
FBC	80	24.26	25.59	25.72	24.42	0.00	0.00
FBC	81	24.27	25.63	25.74	24.35	0.00	0.00
FBC	82	24.31	25.51	25.71	24.47	0.00	0.00
FBC	83	24.38	25.55	25.73	24.35	0.00	0.00
FBC	84	24.26	25.55	25.80	24.40	0.00	0.00
FBC	85	24.19	25.76	25.67	24.38	0.00	0.00
FBC	86	24.37	25.60	25.56	24.46	0.00	0.00
FBC	87	24.32	25.62	25.68	24.37	0.00	0.00
FBC	88	24.36	25.66	25.54	24.44	0.00	0.00
FBC	89	24.34	25.63	25.66	24.37	0.00	0.00
FBC	90	24.30	25.59	25.66	24.46	0.00	0.00
FBC	91	24.39	25.60	25.68	24.33	0.00	0.00
FBC	92	24.39	25.69	25.62	24.30	0.00	0.00
FBC	93	24.30	25.68	25.70	24.32	0.00	0.00
FBC	94	24.31	25.75	25.64	24.29	0.00	0.00
FBC	95	24.23	25.51	25.68	24.58	0.00	0.00
FBC	96	24.28	25.60	25.57	24.55	0.00	0.00
FBC	97	24.23	25.69	25.75	24.33	0.00	0.00
FBC	98	24.31	25.62	25.71	24.36	0.00	0.00
FBC	99	24.24	25.79	25.54	24.43	0.00	0.00
FBC	100	24.22	25.57	25.75	24.45	0.00	0.00
FBC	101	24.41	25.61	25.53	24.44	0.10	0.00
# ACGT raw counters for first fragments. Use `grep ^FTC | cut -f 2-` to extract this part. The columns are: A,C,G,T,N base counters
FTC	43030579	46439788	46513331	43116857	2627
# ACGT content per cycle for last fragments. Use `grep ^LBC | cut -f 2-` to extract this part. The columns are: cycle; A,C,G,T base counts as a percentage of all A/C/G/T bases [%]; and N and O counts as a percentage of all A/C/G/T bases [%]
LBC	1	12.17	37.66	37.87	12.30	0.04	0.00
LBC	2	24.88	25.21	25.05	24.86	0.01	0.00
LBC	3	21.88	28.15	28.05	21.91	0.00	0.00
LBC	4	22.03	27.76	27.96	22.25	0.01	0.00
LBC	5	32.21	17.48	17.54	32.77	0.00	0.00
LBC	6	22.39	27.38	27.68	22.56	0.00	0.00
LBC	7	22.25	27.68	27.71	22.36	0.00	0.00
LBC	8	24.08	25.97	25.99	23.97	0.00	0.00
LBC	9	14.91	34.94	35.11	15.05	0.00	0.00
LBC	10	28.95	20.90	21.03	29.12	0.00	0.00
LBC	11	20.36	29.62	29.62	20.39	0.00	0.00
LBC	12	24.68	25.23	25.38	24.70	0.00	0.00
LBC	13	20.74	29.28	29.25	20.73	0.00	0.00
LBC	14	20.77	29.14	29.21	20.89	0.00	0.00
LBC	15	23.33	26.69	26.56	23.42	0.00	0.00
LBC	16	23.70	26.11	26.24	23.95	0.00	0.00
LBC	17	24.51	25.40	25.38	24.72	0.00	0.00
LBC	18	24.47	25.47	25.50	24.56	0.00	0.00
LBC	19	24.02	25.76	25.85	24.37	0.00	0.00
LBC	20	24.09	25.80	25.89	24.21	0.00	0.00
LBC	21	23.90	26.01	25.95	24.14	0.00	0.00
LBC	22	24.04	25.86	25.97	24.13	0.00	0.00
LBC	23	24.05	25.91	26.06	23.98	0.00	0.00
LBC	24	24.08	25.86	26.06	24.00	0.00	0.00
LBC	25	23.85	26.02	26.20	23.93	0.00	0.00
LBC	26	24.10	25.73	25.94	24.23	0.00	0.00
LBC	27	24.06	25.97	25.87	24.11	0.00	0.00
LBC	28	24.07	25.84	25.92	24.17	0.00	0.00
LBC	29	24.22	25.65	25.76	24.37	0.00	0.00
LBC	30	24.11	25.79	25.87	24.22	0.00	0.00
LBC	31	24.26	25.65	25.85	24.24	0.00	0.00
LBC	32	24.30	25.59	25.69	24.42	0.00	0.00
LBC	33	24.10	25.85	25.82	24.22	0.00	0.00
LBC	34	24.15	25.86	25.82	24.16	0.00	0.00
LBC	35	24.19	25.84	25.73	24.24	0.00	0.00
LBC	36	24.27	25.65	25.81	24.27	0.00	0.00
LBC	37	24.23	25.76	25.86	24.15	0.00	0.00
LBC	38	24.37	25.62	25.63	24.38	0.00	0.00
LBC	39	24.34	25.66	25.68	24.32	0.00	0.00
LBC	40	24.16	25.68	25.83	24.33	0.00	0.00
LBC	41	24.40	25.62	25.57	24.41	0.00	0.00
LBC	42	24.38	25.67	25.66	24.29	0.00	0.00
LBC	43	24.28	25.82	25.76	24.15	0.00	0.00
LBC	44	24.36	25.63	25.67	24.33	0.00	0.00
LBC	45	24.12	25.74	25.87	24.26	0.00	0.00
LBC	46	24.33	25.62	25.78	24.26	0.00	0.00
LBC	47	24.39	25.61	25.57	24.43	0.00	0.00
LBC	48	24.35	25.80	25.54	24.31	0.00	0.00
LBC	49	24.42	25.67	25.69	24.22	0.00	0.00
LBC	50	24.48	25.56	25.58	24.38	0.00	0.00
LBC	51	24.27	25.60	25.77	24.35	0.00	0.00
LBC	52	24.32	25.69	25.66	24.33	0.00	0.00
LBC	53	24.44	25.59	25.56	24.40	0.00	0.00
LBC	54	24.30	25.72	25.67	24.31	0.00	0.00
LBC	55	24.26	25.71	25.77	24.27	0.00	0.00
LBC	56	24.40	25.60	25.75	24.24	0.00	0.00
LBC	57	24.34	25.79	25.66	24.21	0.00	0.00
LBC	58	24.36	25.60	25.71	24.32	0.00	0.00
LBC	59	24.40	25.66	25.51	24.42	0.00	0.00
LBC	60	24.36	25.67	25.72	24.25	0.00	0.00
LBC	61	24.20	25.59	25.83	24.39	0.00	0.00
LBC	62	24.33	25.63	25.65	24.40	0.00	0.00
LBC	63	24.36	25.67	25.67	24.30	0.00	0.00
LBC	64	24.29	25.78	25.74	24.19	0.00	0.00
LBC	65	24.46	25.61	25.67	24.26	0.00	0.00
LBC	66	24.26	25.71	25.69	24.34	0.00	0.00
LBC	67	24.36	25.80	25.66	24.18	0.00	0.00
LBC	68	24.43	25.57	25.61	24.39	0.00	0.00
LBC	69	24.32	25.61	25.76	24.31	0.23	0.00
LBC	70	24.25	25.73	25.81	24.21	0.06	0.00
LBC	71	24.20	25.65	25.80	24.36	0.04	0.00
LBC	72	24.44	25.77	25.62	24.17	0.02	0.00
LBC	73	24.28	25.67	25.74	24.32	0.02	0.00
LBC	74	24.20	25.63	25.73	24.44	0.01	0.00
LBC	75	24.36	25.62	25.83	24.18	0.00	0.00
LBC	76	24.27	25.72	25.79	24.22	0.00	0.00
LBC	77	24.52	25.59	25.59	24.30	0.00	0.00
LBC	78	24.31	25.75	25.73	24.21	0.00	0.00
LBC	79	24.16	25.69	25.80	24.35	0.00	0.00
LBC	80	24.29	25.54	25.73	24.45	0.00	0.00
LBC	81	24.23	25.64	25.79	24.34	0.00	0.00
LBC	82	24.31	25.56	25.78	24.34	0.00	0.00
LBC	83	24.43	25.57	25.73	24.27	0.00	0.00
LBC	84	24.28	25.60	25.79	24.34	0.00	0.00
LBC	85	24.19	25.83	25.69	24.29	0.00	0.00
LBC	86	24.24	25.69	25.60	24.46	0.00	0.00
LBC	87	24.33	25.61	25.67	24.39	0.00	0.00
LBC	88	24.28	25.77	25.65	24.31	0.00	0.00
LBC	89	24.24	25.61	25.79	24.37	0.00	0.00
LBC	90	24.27	25.62	25.71	24.40	0.00	0.00
LBC	91	24.33	25.59	25.74	24.34	0.00	0.00
LBC	92	24.37	25.69	25.72	24.23	0.00	0.00
LBC	93	24.28	25.65	25.78	24.29	0.00	0.00
LBC	94	24.32	25.73	25.71	24.24	0.00	0.00
LBC	95	24.18	25.71	25.67	24.44	0.00	0.00
LBC	96	24.29	25.69	25.63	24.39	0.00	0.00
LBC	97	24.27	25.71	25.69	24.33	0.00	0.00
LBC	98	24.24	25.66	25.77	24.33	0.00	0.00
LBC	99	24.20	25.83	25.53	24.45	0.00	0.00
LBC	100	24.21	25.65	25.79	24.34	0.12	0.00
LBC	101	24.24	25.68	25.56	24.51	0.12	0.00
# ACGT raw counters for last fragments. Use `grep ^LTC | cut -f 2-` to extract this part. The columns are: A,C,G,T,N base counters
LTC	42938147	46525396	46608916	43014023	11833
# Insert sizes. Use `grep ^IS | cut -f 2-` to extract this part. The columns are: insert size, pairs total, inward oriented pairs, outward oriented pairs, other pairs
IS	0	0	0	0	0
IS	1	0	0	0	0
IS	2	1	0	1	0
IS	3	0	0	0	0
IS	4	3	0	3	0
IS	5	0	0	0	0
IS	6	0	0	0	0
IS	7	1	0	1	0
IS	8	0	0	0	0
IS	9	6	0	6	0
IS	10	2	0	2	0
IS	11	1	0	1	0
IS	12	0	0	0	0
IS	13	2	0	2	0
IS	14	3	0	3	0
IS	15	5	0	5	0
IS	16	0	0	0	0
IS	17	2	0	2	0
IS	18	1	0	1	0
IS	19	18	12	6	0
IS	20	21	18	3	0
IS	21	8	5	3	0
IS	22	13	9	4	0
IS	23	8	5	3	0
IS	24	10	4	6	0
IS	25	7	5	2	0
IS	26	10	6	4	0
IS	27	5	4	1	0
IS	28	8	7	1	0
IS	29	11	6	5	0
IS	30	11	8	3	0
IS	31	13	10	3	0
IS	32	13	10	3	0
IS	33	10	9	1	0
IS	34	19	14	5	0
IS	35	14	13	1	0
IS	36	18	14	4	0
IS	37	17	17	0	0
IS	38	32	28	4	0
IS	39	19	16	3	0
IS	40	14	13	1	0
IS	41	19	17	2	0
IS	42	12	9	3	0
IS	43	29	22	7	0
IS	44	27	23	4	0
IS	45	15	14	1	0
IS	46	15	14	1	0
IS	47	18	16	2	0
IS	48	12	12	0	0
IS	49	43	32	11	0
IS	50	963	958	5	0
IS	51	1026	1020	6	0
IS	52	1193	1189	4	0
IS	53	1356	1349	7	0
IS	54	1495	1485	10	0
IS	55	1710	1706	4	0
IS	56	1710	1705	5	0
IS	57	1857	1852	5	0
IS	58	1849	1845	4	0
IS	59	1958	1954	4	0
IS	60	2085	2079	6	0
IS	61	2109	2106	3	0
IS	62	2189	2185	4	0
IS	63	2280	2277	3	0
IS	64	2615	2610	5	0
IS	65	2803	2798	5	0
IS	66	2843	2841	2	0
IS	67	3013	3008	5	0
IS	68	3200	3195	5	0
IS	69	3233	3224	9	0
IS	70	3310	3304	6	0
IS	71	3318	3313	5	0
IS	72	3404	3400	4	0
IS	73	3607	3602	5	0
IS	74	3836	3831	5	0
IS	75	4119	4113	6	0
IS	76	4174	4171	3	0
IS	77	4355	4351	4	0
IS	78	4467	4463	4	0
IS	79	4901	4884	17	0
IS	80	4814	4810	4	0
IS	81	4758	4750	8	0
IS	82	4845	4842	3	0
IS	83	5015	5006	9	0
IS	84	5166	5160	6	0
IS	85	5524	5519	5	0
IS	86	5588	5579	8	1
IS	87	5966	5964	2	0
IS	88	6189	6180	9	0
IS	89	6470	6457	13	0
IS	90	6477	6470	7	0
IS	91	6446	6439	7	0
IS	92	6525	6522	3	0
IS	93	6446	6438	8	0
IS	94	6815	6803	12	0
IS	95	7124	7117	7	0
IS	96	7500	7492	8	0
IS	97	7668	7656	12	0
IS	98	7773	7754	19	0
IS	99	8113	8072	41	0
IS	100	8299	8252	47	0
IS	101	8356	8355	1	0
IS	102	8400	8400	0	0
IS	103	8335	8335	0	0
IS	104	8528	8527	1	0
IS	105	8597	8597	0	0
IS	106	9259	9259	0	0
IS	107	9286	9286	0	0
IS	108	9518	9517	0	1
IS	109	9709	9707	2	0
IS	110	9692	9692	0	0
IS	111	9921	9921	0	0
IS	112	10096	10094	2	0
IS	113	10112	10112	0	0
IS	114	10294	10294	0	0
IS	115	10401	10401	0	0
IS	116	10798	10798	0	0
IS	117	10563	10563	0	0
IS	118	11103	11103	0	0
IS	119	11388	11388	0	0
IS	120	11291	11291	0	0
IS	121	11663	11663	0	0
IS	122	11386	11386	0	0
IS	123	11681	11681	0	0
IS	124	11589	11589	0	0
IS	125	11803	11803	0	0
IS	126	11665	11665	0	0
IS	127	12019	12019	0	0
IS	128	12072	12072	0	0
IS	129	12069	12069	0	0
IS	130	12096	12096	0	0
IS	131	12096	12095	1	0
IS	132	12211	12211	0	0
IS	133	12535	12535	0	0
IS	134	12544	12544	0	0
IS	135	12290	12290	0	0
IS	136	12356	12356	0	0
IS	137	12540	12540	0	0
IS	138	12500	12500	0	0
IS	139	12426	12426	0	0
IS	140	12676	12676	0	0
IS	141	12437	12437	0	0
IS	142	12638	12638	0	0
IS	143	12724	12724	0	0
IS	144	12569	12569	0	0
IS	145	12403	12403	0	0
IS	146	12209	12209	0	0
IS	147	12467	12467	0	0
IS	148	12351	12351	0	0
IS	149	12436	12435	1	0
IS	150	12213	12213	0	0
IS	151	12276	12276	0	0
IS	152	12398	12397	0	1
IS	153	12362	12362	0	0
IS	154	12113	12113	0	0
IS	155	11959	11959	0	0
IS	156	11803	11803	0	0
IS	157	11834	11834	0	0
IS	158	11788	11788	0	0
IS	159	11763	11762	0	1
IS	160	11558	11557	0	1
IS	161	11591	11591	0	0
IS	162	11403	11403	0	0
IS	163	11532	11532	0	0
IS	164	11063	11063	0	0
IS	165	11378	11378	0	0
IS	166	11027	11026	1	0
IS	167	11043	11043	0	0
IS	168	11117	11117	0	0
IS	169	10782	10782	0	0
IS	170	10589	10588	1	0
IS	171	10738	10738	0	0
IS	172	10725	10725	0	0
IS	173	10555	10555	0	0
IS	174	10470	10470	0	0
IS	175	10383	10382	1	0
IS	176	9962	9962	0	0
IS	177	10165	10165	0	0
IS	178	9971	9971	0	0
IS	179	9862	9861	1	0
IS	180	9878	9878	0	0
IS	181	9644	9644	0	0
IS	182	9562	9562	0	0
IS	183	9543	9543	0	0
IS	184	9320	9320	0	0
IS	185	9276	9276	0	0
IS	186	8983	8982	1	0
IS	187	8984	8984	0	0
IS	188	8998	8998	0	0
IS	189	8904	8903	1	0
IS	190	8731	8731	0	0
IS	191	8792	8792	0	0
IS	192	8488	8488	0	0
IS	193	8374	8374	0	0
IS	194	8200	8200	0	0
IS	195	7950	7950	0	0
IS	196	8220	8220	0	0
IS	197	7926	7925	1	0
IS	198	7743	7743	0	0
IS	199	7722	7722	0	0
IS	200	7535	7535	0	0
IS	201	7595	7595	0	0
IS	202	7537	7537	0	0
IS	203	7226	7226	0	0
IS	204	7380	7380	0	0
IS	205	7097	7097	0	0
IS	206	7279	7279	0	0
IS	207	6937	6937	0	0
IS	208	6924	6924	0	0
IS	209	6769	6769	0	0
IS	210	6738	6738	0	0
IS	211	6561	6561	0	0
IS	212	6676	6676	0	0
IS	213	6530	6530	0	0
IS	214	6494	6494	0	0
IS	215	6265	6265	0	0
IS	216	6084	6084	0	0
IS	217	6077	6077	0	0
IS	218	5962	5962	0	0
IS	219	5937	5937	0	0
IS	220	5900	5900	0	0
IS	221	5744	5743	1	0
IS	222	5850	5850	0	0
IS	223	5505	5505	0	0
IS	224	5651	5651	0	0
IS	225	5688	5688	0	0
IS	226	5314	5314	0	0
IS	227	5426	5426	0	0
IS	228	5440	5440	0	0
IS	229	5083	5083	0	0
IS	230	5054	5054	0	0
IS	231	5096	5096	0	0
IS	232	4876	4876	0	0
IS	233	4869	4869	0	0
IS	234	4862	4862	0	0
IS	235	4763	4763	0	0
IS	236	4662	4662	0	0
IS	237	4648	4648	0	0
IS	238	4504	4504	0	0
IS	239	4634	4634	0	0
IS	240	4498	4498	0	0
IS	241	4325	4325	0	0
IS	242	4392	4392	0	0
IS	243	4164	4164	0	0
IS	244	4317	4317	0	0
IS	245	4079	4079	0	0
IS	246	4128	4128	0	0
IS	247	3942	3942	0	0
IS	248	3986	3986	0	0
IS	249	3903	3903	0	0
IS	250	3932	3932	0	0
IS	251	3782	3782	0	0
IS	252	3751	3751	0	0
IS	253	3755	3755	0	0
IS	254	3684	3684	0	0
IS	255	3590	3590	0	0
IS	256	3466	3466	0	0
IS	257	3458	3458	0	0
IS	258	3339	3339	0	0
IS	259	3492	3492	0	0
IS	260	3273	3273	0	0
IS	261	3175	3175	0	0
IS	262	3296	3296	0	0
IS	263	3092	3092	0	0
IS	264	3116	3116	0	0
IS	265	3082	3082	0	0
IS	266	2989	2989	0	0
IS	267	2959	2959	0	0
IS	268	3050	3050	0	0
IS	269	2921	2921	0	0
IS	270	2865	2865	0	0
IS	271	2851	2851	0	0
IS	272	2822	2822	0	0
IS	273	2851	2851	0	0
IS	274	2675	2675	0	0
IS	275	2604	2604	0	0
IS	276	2636	2636	0	0
IS	277	2505	2505	0	0
IS	278	2543	2543	0	0
IS	279	2502	2502	0	0
IS	280	2527	2527	0	0
IS	281	2452	2452	0	0
IS	282	2405	2405	0	0
IS	283	2368	2368	0	0
IS	284	2312	2312	0	0
IS	285	2255	2255	0	0
IS	286	2264	2264	0	0
IS	287	2183	2183	0	0
IS	288	2169	2169	0	0
IS	289	2200	2200	0	0
IS	290	2174	2174	0	0
IS	291	2082	2082	0	0
IS	292	2120	2120	0	0
IS	293	2018	2018	0	0
IS	294	1939	1939	0	0
IS	295	1970	1970	0	0
IS	296	1926	1926	0	0
IS	297	1930	1930	0	0
IS	298	1893	1893	0	0
IS	299	1821	1821	0	0
IS	300	1856	1856	0	0
IS	301	1851	1851	0	0
IS	302	1735	1734	1	0
IS	303	1629	1629	0	0
IS	304	1701	1701	0	0
IS	305	1694	1694	0	0
IS	306	1730	1730	0	0
IS	307	1633	1633	0	0
IS	308	1528	1528	0	0
IS	309	1572	1572	0	0
IS	310	1547	1547	0	0
IS	311	1552	1552	0	0
IS	312	1597	1597	0	0
IS	313	1474	1474	0	0
IS	314	1411	1411	0	0
IS	315	1485	1485	0	0
IS	316	1437	1436	0	1
IS	317	1316	1316	0	0
IS	318	1350	1350	0	0
IS	319	1313	1313	0	0
IS	320	1318	1317	1	0
IS	321	1256	1256	0	0
IS	322	1297	1297	0	0
IS	323	1210	1210	0	0
IS	324	1272	1272	0	0
IS	325	1258	1257	0	1
IS	326	1165	1165	0	0
IS	327	1187	1187	0	0
IS	328	1190	1190	0	0
IS	329	1118	1118	0	0
IS	330	1150	1150	0	0
IS	331	1183	1183	0	0
IS	332	1089	1089	0	0
IS	333	1154	1154	0	0
IS	334	1106	1106	0	0
IS	335	1024	1024	0	0
IS	336	1005	1005	0	0
IS	337	1009	1009	0	0
IS	338	970	970	0	0
IS	339	977	977	0	0
IS	340	1006	1006	0	0
IS	341	986	986	0	0
IS	342	923	923	0	0
IS	343	944	944	0	0
IS	344	1013	1013	0	0
IS	345	906	906	0	0
IS	346	934	934	0	0
IS	347	873	873	0	0
IS	348	854	854	0	0
IS	349	862	862	0	0
IS	350	838	838	0	0
IS	351	848	848	0	0
IS	352	838	838	0	0
IS	353	812	812	0	0
IS	354	760	760	0	0
IS	355	771	771	0	0
IS	356	778	778	0	0
IS	357	741	741	0	0
IS	358	722	722	0	0
IS	359	707	707	0	0
IS	360	737	737	0	0
IS	361	708	708	0	0
IS	362	694	694	0	0
IS	363	698	698	0	0
IS	364	653	653	0	0
IS	365	680	680	0	0
IS	366	637	637	0	0
IS	367	614	614	0	0
IS	368	583	583	0	0
IS	369	645	645	0	0
IS	370	608	608	0	0
IS	371	576	576	0	0
IS	372	547	547	0	0
IS	373	549	549	0	0
IS	374	575	575	0	0
IS	375	503	503	0	0
IS	376	533	533	0	0
IS	377	531	531	0	0
IS	378	520	520	0	0
IS	379	574	574	0	0
IS	380	503	503	0	0
IS	381	527	527	0	0
IS	382	523	523	0	0
IS	383	547	547	0	0
IS	384	487	487	0	0
IS	385	504	504	0	0
IS	386	506	506	0	0
IS	387	439	439	0	0
IS	388	451	451	0	0
IS	389	429	429	0	0
IS	390	478	478	0	0
IS	391	436	436	0	0
IS	392	447	447	0	0
IS	393	424	424	0	0
IS	394	387	387	0	0
IS	395	412	412	0	0
IS	396	432	432	0	0
IS	397	389	389	0	0
IS	398	363	363	0	0
IS	399	390	390	0	0
IS	400	416	416	0	0
IS	401	385	385	0	0
IS	402	390	390	0	0
IS	403	383	383	0	0
IS	404	358	358	0	0
IS	405	361	361	0	0
IS	406	318	318	0	0
IS	407	320	320	0	0
IS	408	335	335	0	0
IS	409	348	347	1	0
IS	410	323	323	0	0
IS	411	339	339	0	0
IS	412	325	325	0	0
IS	413	303	303	0	0
IS	414	300	300	0	0
IS	415	286	286	0	0
IS	416	325	325	0	0
IS	417	302	302	0	0
IS	418	265	265	0	0
IS	419	281	281	0	0
# Read lengths. Use `grep ^RL | cut -f 2-` to extract this part. The columns are: read length, count
RL	50	1930
RL	51	2036
RL	52	2374
RL	53	2682
RL	54	2941
RL	55	3436
RL	56	3373
RL	57	3724
RL	58	3656
RL	59	3910
RL	60	4150
RL	61	4199
RL	62	4358
RL	63	4548
RL	64	5246
RL	65	5636
RL	66	5706
RL	67	6038
RL	68	6394
RL	69	6488
RL	70	6662
RL	71	6641
RL	72	6826
RL	73	7208
RL	74	7706
RL	75	8227
RL	76	8359
RL	77	8746
RL	78	8944
RL	79	9774
RL	80	9614
RL	81	9534
RL	82	9731
RL	83	10033
RL	84	10415
RL	85	11025
RL	86	11145
RL	87	12013
RL	88	12343
RL	89	12965
RL	90	13011
RL	91	13195
RL	92	14073
RL	93	16227
RL	94	14103
RL	95	15962
RL	96	19339
RL	97	15293
RL	98	15475
RL	99	16070
RL	100	16495
RL	101	3186661
# Read lengths - first fragments. Use `grep ^FRL | cut -f 2-` to extract this part. The columns are: read length, count
FRL	50	965
FRL	51	1018
FRL	52	1187
FRL	53	1341
FRL	54	1470
FRL	55	1718
FRL	56	1687
FRL	57	1862
FRL	58	1828
FRL	59	1955
FRL	60	2075
FRL	61	2100
FRL	62	2179
FRL	63	2274
FRL	64	2623
FRL	65	2818
FRL	66	2852
FRL	67	3019
FRL	68	3197
FRL	69	3244
FRL	70	3331
FRL	71	3320
FRL	72	3413
FRL	73	3603
FRL	74	3853
FRL	75	4113
FRL	76	4179
FRL	77	4374
FRL	78	4471
FRL	79	4886
FRL	80	4806
FRL	81	4768
FRL	82	4865
FRL	83	5017
FRL	84	5208
FRL	85	5513
FRL	86	5574
FRL	87	6012
FRL	88	6173
FRL	89	6481
FRL	90	6508
FRL	91	6582
FRL	92	7006
FRL	93	8063
FRL	94	7040
FRL	95	7987
FRL	96	9612
FRL	97	7647
FRL	98	7738
FRL	99	8037
FRL	100	8247
FRL	101	1593494
# Read lengths - last fragments. Use `grep ^LRL | cut -f 2-` to extract this part. The columns are: read length, count
LRL	50	965
LRL	51	1018
LRL	52	1187
LRL	53	1341
LRL	54	1471
LRL	55	1718
LRL	56	1686
LRL	57	1862
LRL	58	1828
LRL	59	1955
LRL	60	2075
LRL	61	2099
LRL	62	2179
LRL	63	2274
LRL	64	2623
LRL	65	2818
LRL	66	2854
LRL	67	3019
LRL	68	3197
LRL	69	3244
LRL	70	3331
LRL	71	3321
LRL	72	3413
LRL	73	3605
LRL	74	3853
LRL	75	4114
LRL	76	4180
LRL	77	4372
LRL	78	4473
LRL	79	4888
LRL	80	4808
LRL	81	4766
LRL	82	4866
LRL	83	5016
LRL	84	5207
LRL	85	5512
LRL	86	5571
LRL	87	6001
LRL	88	6170
LRL	89	6484
LRL	90	6503
LRL	91	6613
LRL	92	7067
LRL	93	8164
LRL	94	7063
LRL	95	7975
LRL	96	9727
LRL	97	7646
LRL	98	7737
LRL	99	8033
LRL	100	8248
LRL	101	1593167
# Mapping qualities for reads !(UNMAP|SECOND|SUPPL|QCFAIL|DUP). Use `grep ^MAPQ | cut -f 2-` to extract this part. The columns are: mapq, count
MAPQ	0	85630
MAPQ	1	601
MAPQ	2	360
MAPQ	3	909
MAPQ	4	543
MAPQ	5	640
MAPQ	6	729
MAPQ	7	859
MAPQ	8	396
MAPQ	9	1377
MAPQ	10	607
MAPQ	11	321
MAPQ	12	436
MAPQ	13	613
MAPQ	14	260
MAPQ	15	816
MAPQ	16	444
MAPQ	17	362
MAPQ	18	485
MAPQ	19	942
MAPQ	20	834
MAPQ	21	1288
MAPQ	22	1643
MAPQ	23	1085
MAPQ	24	1216
MAPQ	25	2341
MAPQ	26	167
MAPQ	27	9210
MAPQ	28	296
MAPQ	29	218
MAPQ	30	347
MAPQ	31	503
MAPQ	32	132
MAPQ	33	1045
MAPQ	34	250
MAPQ	35	184
MAPQ	36	300
MAPQ	37	469
MAPQ	38	405
MAPQ	39	1039
MAPQ	40	14804
MAPQ	41	513
MAPQ	42	1277
MAPQ	43	1291
MAPQ	44	1154
MAPQ	45	3301
MAPQ	46	1870
MAPQ	47	3754
MAPQ	48	4710
MAPQ	49	3403
MAPQ	50	16870
MAPQ	51	1740
MAPQ	52	2327
MAPQ	53	924
MAPQ	54	814
MAPQ	55	2109
MAPQ	56	315
MAPQ	57	2045
MAPQ	58	271
MAPQ	59	383
MAPQ	60	2977372
# Indel distribution. Use `grep ^ID | cut -f 2-` to extract this part. The columns are: length, number of insertions, number of deletions
ID	1	8994	13418
ID	2	2437	3136
ID	3	561	1700
ID	4	549	1757
ID	5	1335	486
ID	6	183	873
ID	7	100	124
ID	8	93	225
ID	9	53	68
ID	10	153	126
ID	11	30	40
ID	12	26	71
ID	13	87	17
ID	14	26	233
ID	15	27	50
ID	16	3	47
ID	17	5	5
ID	18	9	13
ID	19	14	6
ID	20	1	28
ID	21	3	7
ID	22	0	42
ID	23	0	3
ID	24	0	2
ID	25	0	4
ID	26	0	48
ID	27	1	0
ID	28	0	2
ID	29	16	2
ID	30	0	3
ID	36	0	1
# Indels per cycle. Use `grep ^IC | cut -f 2-` to extract this part. The columns are: cycle, number of insertions (fwd), .. (rev) , number of deletions (fwd), .. (rev)
IC	3	0	0	35	33
IC	4	32	19	43	34
IC	5	29	33	44	41
IC	6	39	33	34	39
IC	7	29	21	38	49
IC	8	31	35	58	45
IC	9	34	48	70	75
IC	10	63	42	67	61
IC	11	40	39	82	83
IC	12	68	60	67	76
IC	13	53	35	75	84
IC	14	91	111	87	66
IC	15	70	57	100	100
IC	16	79	72	99	110
IC	17	83	75	108	89
IC	18	85	74	104	98
IC	19	108	84	123	107
IC	20	67	66	106	92
IC	21	87	82	105	123
IC	22	84	71	111	117
IC	23	86	70	122	119
IC	24	71	88	101	108
IC	25	87	76	112	110
IC	26	98	84	165	153
IC	27	96	83	146	119
IC	28	83	80	119	119
IC	29	88	96	125	137
IC	30	80	110	155	119
IC	31	103	85	114	114
IC	32	85	68	161	172
IC	33	98	92	136	117
IC	34	97	67	141	166
IC	35	95	84	150	143
IC	36	91	87	134	159
IC	37	103	94	167	173
IC	38	82	67	154	104
IC	39	94	81	187	144
IC	40	87	88	169	143
IC	41	105	102	145	110
IC	42	99	101	141	133
IC	43	85	73	166	148
IC	44	95	97	184	166
IC	45	85	87	177	149
IC	46	100	120	116	131
IC	47	83	88	153	142
IC	48	122	92	163	130
IC	49	91	94	178	121
IC	50	102	101	144	144
IC	51	104	116	175	181
IC	52	94	90	136	142
IC	53	114	76	163	144
IC	54	84	84	132	168
IC	55	100	93	159	159
IC	56	124	110	195	164
IC	57	87	107	124	141
IC	58	97	70	141	166
IC	59	79	80	117	141
IC	60	98	101	119	128
IC	61	96	93	147	162
IC	62	64	61	133	125
IC	63	101	116	131	134
IC	64	97	94	178	120
IC	65	119	99	184	146
IC	66	79	106	114	143
IC	67	73	76	141	158
IC	68	91	86	123	119
IC	69	73	79	123	125
IC	70	98	91	133	134
IC	71	78	88	133	136
IC	72	107	74	122	132
IC	73	104	71	116	96
IC	74	96	103	125	139
IC	75	78	81	118	120
IC	76	99	75	108	120
IC	77	97	73	120	132
IC	78	60	86	138	132
IC	79	88	80	133	128
IC	80	75	65	124	117
IC	81	59	57	106	103
IC	82	95	94	137	123
IC	83	65	87	118	130
IC	84	80	61	129	124
IC	85	59	62	96	82
IC	86	73	80	113	108
IC	87	60	74	102	97
IC	88	58	34	77	79
IC	89	50	46	107	94
IC	90	46	49	90	90
IC	91	63	65	87	79
IC	92	53	73	108	95
IC	93	46	78	67	62
IC	94	39	40	92	96
IC	95	48	32	58	58
IC	96	31	42	78	58
IC	97	27	46	73	66
IC	98	45	36	52	50
# Coverage distribution. Use `grep ^COV | cut -f 2-` to extract this part.
COV	[1-1]	1	12139986
COV	[2-2]	2	8449615
COV	[3-3]	3	2772830
COV	[4-4]	4	1570788
COV	[5-5]	5	581593
COV	[6-6]	6	322067
COV	[7-7]	7	171066
COV	[8-8]	8	114385
COV	[9-9]	9	81967
COV	[10-10]	10	66834
COV	[11-11]	11	57406
COV	[12-12]	12	50822
COV	[13-13]	13	46917
COV	[14-14]	14	43763
COV	[15-15]	15	40465
COV	[16-16]	16	37779
COV	[17-17]	17	36625
COV	[18-18]	18	34433
COV	[19-19]	19	31688
COV	[20-20]	20	30138
COV	[21-21]	21	29155
COV	[22-22]	22	28521
COV	[23-23]	23	27808
COV	[24-24]	24	26689
COV	[25-25]	25	26128
COV	[26-26]	26	24831
COV	[27-27]	27	24681
COV	[28-28]	28	24389
COV	[29-29]	29	23114
COV	[30-30]	30	22167
COV	[31-31]	31	21789
COV	[32-32]	32	21215
COV	[33-33]	33	20676
COV	[34-34]	34	20643
COV	[35-35]	35	20007
COV	[36-36]	36	19568
COV	[37-37]	37	19173
COV	[38-38]	38	19457
COV	[39-39]	39	18938
COV	[40-40]	40	18356
COV	[41-41]	41	18601
COV	[42-42]	42	18057
COV	[43-43]	43	17722
COV	[44-44]	44	17077
COV	[45-45]	45	17080
COV	[46-46]	46	16733
COV	[47-47]	47	16817
COV	[48-48]	48	16693
COV	[49-49]	49	16296
COV	[50-50]	50	15833
COV	[51-51]	51	15622
COV	[52-52]	52	15764
COV	[53-53]	53	15689
COV	[54-54]	54	15959
COV	[55-55]	55	15301
COV	[56-56]	56	15084
COV	[57-57]	57	15452
COV	[58-58]	58	14712
COV	[59-59]	59	14497
COV	[60-60]	60	14659
COV	[61-61]	61	14367
COV	[62-62]	62	14541
COV	[63-63]	63	14212
COV	[64-64]	64	14033
COV	[65-65]	65	13978
COV	[66-66]	66	14001
COV	[67-67]	67	13493
COV	[68-68]	68	13623
COV	[69-69]	69	13408
COV	[70-70]	70	13438
COV	[71-71]	71	13111
COV	[72-72]	72	12963
COV	[73-73]	73	12575
COV	[74-74]	74	12606
COV	[75-75]	75	12145
COV	[76-76]	76	12491
COV	[77-77]	77	12436
COV	[78-78]	78	12260
COV	[79-79]	79	12167
COV	[80-80]	80	12071
COV	[81-81]	81	11758
COV	[82-82]	82	11790
COV	[83-83]	83	11931
COV	[84-84]	84	11672
COV	[85-85]	85	11720
COV	[86-86]	86	11456
COV	[87-87]	87	11589
COV	[88-88]	88	11405
COV	[89-89]	89	11266
COV	[90-90]	90	10996
COV	[91-91]	91	10974
COV	[92-92]	92	10832
COV	[93-93]	93	10637
COV	[94-94]	94	10938
COV	[95-95]	95	10408
COV	[96-96]	96	10285
COV	[97-97]	97	10383
COV	[98-98]	98	10400
COV	[99-99]	99	10089
COV	[100-100]	100	9869
COV	[101-101]	101	9717
COV	[102-102]	102	9803
COV	[103-103]	103	9812
COV	[104-104]	104	9716
COV	[105-105]	105	9764
COV	[106-106]	106	10084
COV	[107-107]	107	9660
COV	[108-108]	108	9478
COV	[109-109]	109	9323
COV	[110-110]	110	9162
COV	[111-111]	111	9168
COV	[112-112]	112	9422
COV	[113-113]	113	9279
COV	[114-114]	114	9172
COV	[115-115]	115	8800
COV	[116-116]	116	8823
COV	[117-117]	117	8947
COV	[118-118]	118	8532
COV	[119-119]	119	8823
COV	[120-120]	120	8488
COV	[121-121]	121	8347
COV	[122-122]	122	8591
COV	[123-123]	123	8557
COV	[124-124]	124	8521
COV	[125-125]	125	8408
COV	[126-126]	126	8113
COV	[127-127]	127	7921
COV	[128-128]	128	8016
COV	[129-129]	129	7927
COV	[130-130]	130	7841
COV	[131-131]	131	7928
COV	[132-132]	132	7993
COV	[133-133]	133	7571
COV	[134-134]	134	7374
COV	[135-135]	135	7194
COV	[136-136]	136	7167
COV	[137-137]	137	7207
COV	[138-138]	138	7022
COV	[139-139]	139	7258
COV	[140-140]	140	7249
COV	[141-141]	141	7147
COV	[142-142]	142	7165
COV	[143-143]	143	7147
COV	[144-144]	144	6963
COV	[145-145]	145	7014
COV	[146-146]	146	6917
COV	[147-147]	147	6741
COV	[148-148]	148	6597
COV	[149-149]	149	6649
COV	[150-150]	150	6457
COV	[151-151]	151	6644
COV	[152-152]	152	6687
COV	[153-153]	153	6357
COV	[154-154]	154	6538
COV	[155-155]	155	6479
COV	[156-156]	156	6462
COV	[157-157]	157	6616
COV	[158-158]	158	6276
COV	[159-159]	159	6241
COV	[160-160]	160	6107
COV	[161-161]	161	5986
COV	[162-162]	162	6084
COV	[163-163]	163	5861
COV	[164-164]	164	5749
COV	[165-165]	165	5715
COV	[166-166]	166	5584
COV	[167-167]	167	5435
COV	[168-168]	168	5581
COV	[169-169]	169	5548
COV	[170-170]	170	5587
COV	[171-171]	171	5511
COV	[172-172]	172	5622
COV	[173-173]	173	5596
COV	[174-174]	174	5369
COV	[175-175]	175	5213
COV	[176-176]	176	5150
COV	[177-177]	177	4969
COV	[178-178]	178	5241
COV	[179-179]	179	5061
COV	[180-180]	180	5082
COV	[181-181]	181	4883
COV	[182-182]	182	4980
COV	[183-183]	183	4946
COV	[184-184]	184	4907
COV	[185-185]	185	4754
COV	[186-186]	186	4793
COV	[187-187]	187	4747
COV	[188-188]	188	4665
COV	[189-189]	189	4787
COV	[190-190]	190	4472
COV	[191-191]	191	4318
COV	[192-192]	192	4433
COV	[193-193]	193	4343
COV	[194-194]	194	4320
COV	[195-195]	195	4350
COV	[196-196]	196	4213
COV	[197-197]	197	4145
COV	[198-198]	198	4155
COV	[199-199]	199	4140
COV	[200-200]	200	4150
COV	[201-201]	201	4048
COV	[202-202]	202	3918
COV	[203-203]	203	3895
COV	[204-204]	204	3906
COV	[205-205]	205	3668
COV	[206-206]	206	3854
COV	[207-207]	207	3620
COV	[208-208]	208	3873
COV	[209-209]	209	3764
COV	[210-210]	210	3782
COV	[211-211]	211	3648
COV	[212-212]	212	3509
COV	[213-213]	213	3389
COV	[214-214]	214	3390
COV	[215-215]	215	3491
COV	[216-216]	216	3564
COV	[217-217]	217	3521
COV	[218-218]	218	3466
COV	[219-219]	219	3550
COV	[220-220]	220	3423
COV	[221-221]	221	3327
COV	[222-222]	222	3431
COV	[223-223]	223	3197
COV	[224-224]	224	3382
COV	[225-225]	225	3448
COV	[226-226]	226	3267
COV	[227-227]	227	3244
COV	[228-228]	228	3238
COV	[229-229]	229	3156
COV	[230-230]	230	3018
COV	[231-231]	231	2972
COV	[232-232]	232	2912
COV	[233-233]	233	2882
COV	[234-234]	234	2907
COV	[235-235]	235	2973
COV	[236-236]	236	2927
COV	[237-237]	237	2822
COV	[238-238]	238	2810
COV	[239-239]	239	2761
COV	[240-240]	240	2779
COV	[241-241]	241	2760
COV	[242-242]	242	2609
COV	[243-243]	243	2632
COV	[244-244]	244	2801
COV	[245-245]	245	2656
COV	[246-246]	246	2429
COV	[247-247]	247	2407
COV	[248-248]	248	2516
COV	[249-249]	249	2565
COV	[250-250]	250	2473
COV	[251-251]	251	2576
COV	[252-252]	252	2388
COV	[253-253]	253	2374
COV	[254-254]	254	2312
COV	[255-255]	255	2326
COV	[256-256]	256	2366
COV	[257-257]	257	2265
COV	[258-258]	258	2395
COV	[259-259]	259	2360
COV	[260-260]	260	2298
COV	[261-261]	261	2383
COV	[262-262]	262	2263
COV	[263-263]	263	2126
COV	[264-264]	264	2099
COV	[265-265]	265	2049
COV	[266-266]	266	2043
COV	[267-267]	267	2088
COV	[268-268]	268	2096
COV	[269-269]	269	2134
COV	[270-270]	270	1943
COV	[271-271]	271	1976
COV	[272-272]	272	2053
COV	[273-273]	273	1871
COV	[274-274]	274	1878
COV	[275-275]	275	1879
COV	[276-276]	276	1978
COV	[277-277]	277	1992
COV	[278-278]	278	1830
COV	[279-279]	279	1819
COV	[280-280]	280	1816
COV	[281-281]	281	1746
COV	[282-282]	282	1864
COV	[283-283]	283	1742
COV	[284-284]	284	1708
COV	[285-285]	285	1751
COV	[286-286]	286	1777
COV	[287-287]	287	1763
COV	[288-288]	288	1608
COV	[289-289]	289	1737
COV	[290-290]	290	1664
COV	[291-291]	291	1615
COV	[292-292]	292	1624
COV	[293-293]	293	1561
COV	[294-294]	294	1519
COV	[295-295]	295	1618
COV	[296-296]	296	1550
COV	[297-297]	297	1516
COV	[298-298]	298	1623
COV	[299-299]	299	1470
COV	[300-300]	300	1623
COV	[301-301]	301	1541
COV	[302-302]	302	1589
COV	[303-303]	303	1582
COV	[304-304]	304	1460
COV	[305-305]	305	1493
COV	[306-306]	306	1465
COV	[307-307]	307	1418
COV	[308-308]	308	1399
COV	[309-309]	309	1420
COV	[310-310]	310	1419
COV	[311-311]	311	1435
COV	[312-312]	312	1378
COV	[313-313]	313	1276
COV	[314-314]	314	1315
COV	[315-315]	315	1341
COV	[316-316]	316	1296
COV	[317-317]	317	1292
COV	[318-318]	318	1272
COV	[319-319]	319	1208
COV	[320-320]	320	1187
COV	[321-321]	321	1118
COV	[322-322]	322	1240
COV	[323-323]	323	1196
COV	[324-324]	324	1153
COV	[325-325]	325	1122
COV	[326-326]	326	1184
COV	[327-327]	327	1158
COV	[328-328]	328	1119
COV	[329-329]	329	1145
COV	[330-330]	330	1044
COV	[331-331]	331	1160
COV	[332-332]	332	1180
COV	[333-333]	333	1162
COV	[334-334]	334	1242
COV	[335-335]	335	1159
COV	[336-336]	336	1149
COV	[337-337]	337	1059
COV	[338-338]	338	1095
COV	[339-339]	339	1059
COV	[340-340]	340	1049
COV	[341-341]	341	1087
COV	[342-342]	342	1099
COV	[343-343]	343	1052
COV	[344-344]	344	1047
COV	[345-345]	345	1046
COV	[346-346]	346	965
COV	[347-347]	347	1005
COV	[348-348]	348	967
COV	[349-349]	349	984
COV	[350-350]	350	986
COV	[351-351]	351	963
COV	[352-352]	352	1029
COV	[353-353]	353	963
COV	[354-354]	354	987
COV	[355-355]	355	893
COV	[356-356]	356	960
COV	[357-357]	357	989
COV	[358-358]	358	840
COV	[359-359]	359	901
COV	[360-360]	360	853
COV	[361-361]	361	912
COV	[362-362]	362	782
COV	[363-363]	363	841
COV	[364-364]	364	817
COV	[365-365]	365	876
COV	[366-366]	366	779
COV	[367-367]	367	888
COV	[368-368]	368	797
COV	[369-369]	369	793
COV	[370-370]	370	781
COV	[371-371]	371	778
COV	[372-372]	372	818
COV	[373-373]	373	771
COV	[374-374]	374	751
COV	[375-375]	375	758
COV	[376-376]	376	698
COV	[377-377]	377	807
COV	[378-378]	378	761
COV	[379-379]	379	809
COV	[380-380]	380	735
COV	[381-381]	381	734
COV	[382-382]	382	733
COV	[383-383]	383	683
COV	[384-384]	384	714
COV	[385-385]	385	670
COV	[386-386]	386	619
COV	[387-387]	387	640
COV	[388-388]	388	711
COV	[389-389]	389	662
COV	[390-390]	390	686
COV	[391-391]	391	673
COV	[392-392]	392	675
COV	[393-393]	393	736
COV	[394-394]	394	662
COV	[395-395]	395	643
COV	[396-396]	396	648
COV	[397-397]	397	694
COV	[398-398]	398	600
COV	[399-399]	399	677
COV	[400-400]	400	654
COV	[401-401]	401	674
COV	[402-402]	402	693
COV	[403-403]	403	616
COV	[404-404]	404	583
COV	[405-405]	405	603
COV	[406-406]	406	562
COV	[407-407]	407	572
COV	[408-408]	408	621
COV	[409-409]	409	569
COV	[410-410]	410	569
COV	[411-411]	411	545
COV	[412-412]	412	550
COV	[413-413]	413	514
COV	[414-414]	414	600
COV	[415-415]	415	581
COV	[416-416]	416	538
COV	[417-417]	417	529
COV	[418-418]	418	558
COV	[419-419]	419	537
COV	[420-420]	420	563
COV	[421-421]	421	532
COV	[422-422]	422	549
COV	[423-423]	423	553
COV	[424-424]	424	534
COV	[425-425]	425	489
COV	[426-426]	426	486
COV	[427-427]	427	510
COV	[428-428]	428	494
COV	[429-429]	429	489
COV	[430-430]	430	495
COV	[431-431]	431	521
COV	[432-432]	432	531
COV	[433-433]	433	443
COV	[434-434]	434	531
COV	[435-435]	435	456
COV	[436-436]	436	482
COV	[437-437]	437	503
COV	[438-438]	438	469
COV	[439-439]	439	497
COV	[440-440]	440	464
COV	[441-441]	441	496
COV	[442-442]	442	470
COV	[443-443]	443	534
COV	[444-444]	444	470
COV	[445-445]	445	486
COV	[446-446]	446	500
COV	[447-447]	447	462
COV	[448-448]	448	452
COV	[449-449]	449	510
COV	[450-450]	450	474
COV	[451-451]	451	449
COV	[452-452]	452	441
COV	[453-453]	453	463
COV	[454-454]	454	455
COV	[455-455]	455	470
COV	[456-456]	456	429
COV	[457-457]	457	420
COV	[458-458]	458	427
COV	[459-459]	459	395
COV	[460-460]	460	368
COV	[461-461]	461	404
COV	[462-462]	462	392
COV	[463-463]	463	379
COV	[464-464]	464	389
COV	[465-465]	465	418
COV	[466-466]	466	375
COV	[467-467]	467	362
COV	[468-468]	468	323
COV	[469-469]	469	343
COV	[470-470]	470	393
COV	[471-471]	471	321
COV	[472-472]	472	365
COV	[473-473]	473	304
COV	[474-474]	474	326
COV	[475-475]	475	336
COV	[476-476]	476	372
COV	[477-477]	477	352
COV	[478-478]	478	332
COV	[479-479]	479	340
COV	[480-480]	480	367
COV	[481-481]	481	374
COV	[482-482]	482	339
COV	[483-483]	483	318
COV	[484-484]	484	308
COV	[485-485]	485	294
COV	[486-486]	486	337
COV	[487-487]	487	345
COV	[488-488]	488	310
COV	[489-489]	489	301
COV	[490-490]	490	283
COV	[491-491]	491	329
COV	[492-492]	492	281
COV	[493-493]	493	276
COV	[494-494]	494	280
COV	[495-495]	495	265
COV	[496-496]	496	270
COV	[497-497]	497	266
COV	[498-498]	498	251
COV	[499-499]	499	260
COV	[500-500]	500	269
COV	[501-501]	501	255
COV	[502-502]	502	268
COV	[503-503]	503	248
COV	[504-504]	504	262
COV	[505-505]	505	268
COV	[506-506]	506	232
COV	[507-507]	507	251
COV	[508-508]	508	265
COV	[509-509]	509	263
COV	[510-510]	510	217
COV	[511-511]	511	233
COV	[512-512]	512	226
COV	[513-513]	513	246
COV	[514-514]	514	248
COV	[515-515]	515	248
COV	[516-516]	516	216
COV	[517-517]	517	191
COV	[518-518]	518	180
COV	[519-519]	519	230
COV	[520-520]	520	213
COV	[521-521]	521	203
COV	[522-522]	522	255
COV	[523-523]	523	191
COV	[524-524]	524	228
COV	[525-525]	525	210
COV	[526-526]	526	234
COV	[527-527]	527	206
COV	[528-528]	528	204
COV	[529-529]	529	197
COV	[530-530]	530	223
COV	[531-531]	531	222
COV	[532-532]	532	208
COV	[533-533]	533	202
COV	[534-534]	534	214
COV	[535-535]	535	195
COV	[536-536]	536	196
COV	[537-537]	537	216
COV	[538-538]	538	188
COV	[539-539]	539	199
COV	[540-540]	540	170
COV	[541-541]	541	194
COV	[542-542]	542	193
COV	[543-543]	543	164
COV	[544-544]	544	175
COV	[545-545]	545	176
COV	[546-546]	546	191
COV	[547-547]	547	146
COV	[548-548]	548	159
COV	[549-549]	549	153
COV	[550-550]	550	161
COV	[551-551]	551	171
COV	[552-552]	552	122
COV	[553-553]	553	141
COV	[554-554]	554	140
COV	[555-555]	555	184
COV	[556-556]	556	161
COV	[557-557]	557	150
COV	[558-558]	558	145
COV	[559-559]	559	154
COV	[560-560]	560	162
COV	[561-561]	561	141
COV	[562-562]	562	167
COV	[563-563]	563	144
COV	[564-564]	564	177
COV	[565-565]	565	170
COV	[566-566]	566	147
COV	[567-567]	567	135
COV	[568-568]	568	163
COV	[569-569]	569	142
COV	[570-570]	570	152
COV	[571-571]	571	165
COV	[572-572]	572	145
COV	[573-573]	573	128
COV	[574-574]	574	119
COV	[575-575]	575	143
COV	[576-576]	576	115
COV	[577-577]	577	130
COV	[578-578]	578	142
COV	[579-579]	579	122
COV	[580-580]	580	119
COV	[581-581]	581	116
COV	[582-582]	582	123
COV	[583-583]	583	108
COV	[584-584]	584	125
COV	[585-585]	585	136
COV	[586-586]	586	123
COV	[587-587]	587	97
COV	[588-588]	588	124
COV	[589-589]	589	127
COV	[590-590]	590	135
COV	[591-591]	591	120
COV	[592-592]	592	116
COV	[593-593]	593	102
COV	[594-594]	594	119
COV	[595-595]	595	127
COV	[596-596]	596	98
COV	[597-597]	597	114
COV	[598-598]	598	109
COV	[599-599]	599	86
COV	[600-600]	600	93
COV	[601-601]	601	118
COV	[602-602]	602	94
COV	[603-603]	603	114
COV	[604-604]	604	105
COV	[605-605]	605	91
COV	[606-606]	606	98
COV	[607-607]	607	101
COV	[608-608]	608	100
COV	[609-609]	609	86
COV	[610-610]	610	99
COV	[611-611]	611	102
COV	[612-612]	612	102
COV	[613-613]	613	98
COV	[614-614]	614	109
COV	[615-615]	615	75
COV	[616-616]	616	98
COV	[617-617]	617	95
COV	[618-618]	618	68
COV	[619-619]	619	94
COV	[620-620]	620	75
COV	[621-621]	621	77
COV	[622-622]	622	85
COV	[623-623]	623	89
COV	[624-624]	624	93
COV	[625-625]	625	90
COV	[626-626]	626	92
COV	[627-627]	627	93
COV	[628-628]	628	79
COV	[629-629]	629	81
COV	[630-630]	630	78
COV	[631-631]	631	91
COV	[632-632]	632	87
COV	[633-633]	633	82
COV	[634-634]	634	80
COV	[635-635]	635	102
COV	[636-636]	636	66
COV	[637-637]	637	90
COV	[638-638]	638	86
COV	[639-639]	639	82
COV	[640-640]	640	87
COV	[641-641]	641	68
COV	[642-642]	642	78
COV	[643-643]	643	78
COV	[644-644]	644	67
COV	[645-645]	645	69
COV	[646-646]	646	74
COV	[647-647]	647	89
COV	[648-648]	648	69
COV	[649-649]	649	73
COV	[650-650]	650	63
COV	[651-651]	651	79
COV	[652-652]	652	60
COV	[653-653]	653	57
COV	[654-654]	654	52
COV	[655-655]	655	64
COV	[656-656]	656	64
COV	[657-657]	657	62
COV	[658-658]	658	62
COV	[659-659]	659	69
COV	[660-660]	660	47
COV	[661-661]	661	60
COV	[662-662]	662	47
COV	[663-663]	663	49
COV	[664-664]	664	63
COV	[665-665]	665	51
COV	[666-666]	666	60
COV	[667-667]	667	46
COV	[668-668]	668	46
COV	[669-669]	669	48
COV	[670-670]	670	42
COV	[671-671]	671	64
COV	[672-672]	672	55
COV	[673-673]	673	44
COV	[674-674]	674	55
COV	[675-675]	675	68
COV	[676-676]	676	64
COV	[677-677]	677	58
COV	[678-678]	678	41
COV	[679-679]	679	43
COV	[680-680]	680	49
COV	[681-681]	681	50
COV	[682-682]	682	50
COV	[683-683]	683	37
COV	[684-684]	684	41
COV	[685-685]	685	49
COV	[686-686]	686	43
COV	[687-687]	687	42
COV	[688-688]	688	42
COV	[689-689]	689	42
COV	[690-690]	690	47
COV	[691-691]	691	59
COV	[692-692]	692	58
COV	[693-693]	693	46
COV	[694-694]	694	48
COV	[695-695]	695	47
COV	[696-696]	696	52
COV	[697-697]	697	61
COV	[698-698]	698	41
COV	[699-699]	699	55
COV	[700-700]	700	37
COV	[701-701]	701	54
COV	[702-702]	702	47
COV	[703-703]	703	34
COV	[704-704]	704	33
COV	[705-705]	705	38
COV	[706-706]	706	27
COV	[707-707]	707	29
COV	[708-708]	708	25
COV	[709-709]	709	33
COV	[710-710]	710	28
COV	[711-711]	711	27
COV	[712-712]	712	21
COV	[713-713]	713	33
COV	[714-714]	714	39
COV	[715-715]	715	38
COV	[716-716]	716	28
COV	[717-717]	717	16
COV	[718-718]	718	23
COV	[719-719]	719	23
COV	[720-720]	720	38
COV	[721-721]	721	35
COV	[722-722]	722	33
COV	[723-723]	723	27
COV	[724-724]	724	33
COV	[725-725]	725	30
COV	[726-726]	726	31
COV	[727-727]	727	28
COV	[728-728]	728	26
COV	[729-729]	729	26
COV	[730-730]	730	24
COV	[731-731]	731	21
COV	[732-732]	732	25
COV	[733-733]	733	21
COV	[734-734]	734	22
COV	[735-735]	735	21
COV	[736-736]	736	18
COV	[737-737]	737	25
COV	[738-738]	738	32
COV	[739-739]	739	28
COV	[740-740]	740	24
COV	[741-741]	741	39
COV	[742-742]	742	36
COV	[743-743]	743	33
COV	[744-744]	744	27
COV	[745-745]	745	33
COV	[746-746]	746	33
COV	[747-747]	747	32
COV	[748-748]	748	24
COV	[749-749]	749	20
COV	[750-750]	750	20
COV	[751-751]	751	20
COV	[752-752]	752	24
COV	[753-753]	753	18
COV	[754-754]	754	25
COV	[755-755]	755	30
COV	[756-756]	756	25
COV	[757-757]	757	23
COV	[758-758]	758	26
COV	[759-759]	759	26
COV	[760-760]	760	22
COV	[761-761]	761	21
COV	[762-762]	762	16
COV	[763-763]	763	31
COV	[764-764]	764	17
COV	[765-765]	765	19
COV	[766-766]	766	18
COV	[767-767]	767	19
COV	[768-768]	768	21
COV	[769-769]	769	21
COV	[770-770]	770	22
COV	[771-771]	771	17
COV	[772-772]	772	17
COV	[773-773]	773	21
COV	[774-774]	774	19
COV	[775-775]	775	19
COV	[776-776]	776	16
COV	[777-777]	777	18
COV	[778-778]	778	16
COV	[779-779]	779	20
COV	[780-780]	780	15
COV	[781-781]	781	16
COV	[782-782]	782	21
COV	[783-783]	783	20
COV	[784-784]	784	11
COV	[785-785]	785	13
COV	[786-786]	786	27
COV	[787-787]	787	18
COV	[788-788]	788	20
COV	[789-789]	789	17
COV	[790-790]	790	12
COV	[791-791]	791	16
COV	[792-792]	792	15
COV	[793-793]	793	18
COV	[794-794]	794	9
COV	[795-795]	795	10
COV	[796-796]	796	19
COV	[797-797]	797	18
COV	[798-798]	798	14
COV	[799-799]	799	14
COV	[800-800]	800	17
COV	[801-801]	801	10
COV	[802-802]	802	17
COV	[803-803]	803	10
COV	[804-804]	804	8
COV	[805-805]	805	11
COV	[806-806]	806	8
COV	[807-807]	807	12
COV	[808-808]	808	8
COV	[809-809]	809	11
COV	[810-810]	810	14
COV	[811-811]	811	13
COV	[812-812]	812	5
COV	[813-813]	813	18
COV	[814-814]	814	12
COV	[815-815]	815	16
COV	[816-816]	816	16
COV	[817-817]	817	11
COV	[818-818]	818	10
COV	[819-819]	819	7
COV	[820-820]	820	21
COV	[821-821]	821	12
COV	[822-822]	822	5
COV	[823-823]	823	9
COV	[824-824]	824	10
COV	[825-825]	825	11
COV	[826-826]	826	8
COV	[827-827]	827	3
COV	[828-828]	828	7
COV	[829-829]	829	7
COV	[830-830]	830	6
COV	[831-831]	831	14
COV	[832-832]	832	12
COV	[833-833]	833	12
COV	[834-834]	834	12
COV	[835-835]	835	13
COV	[836-836]	836	6
COV	[837-837]	837	10
COV	[838-838]	838	7
COV	[839-839]	839	15
COV	[840-840]	840	7
COV	[841-841]	841	8
COV	[842-842]	842	9
COV	[843-843]	843	3
COV	[844-844]	844	9
COV	[845-845]	845	4
COV	[846-846]	846	14
COV	[847-847]	847	9
COV	[848-848]	848	12
COV	[849-849]	849	10
COV	[850-850]	850	9
COV	[851-851]	851	9
COV	[852-852]	852	8
COV	[853-853]	853	14
COV	[854-854]	854	12
COV	[855-855]	855	2
COV	[856-856]	856	8
COV	[857-857]	857	7
COV	[858-858]	858	11
COV	[859-859]	859	8
COV	[860-860]	860	9
COV	[861-861]	861	7
COV	[862-862]	862	12
COV	[863-863]	863	6
COV	[864-864]	864	6
COV	[865-865]	865	8
COV	[866-866]	866	14
COV	[867-867]	867	9
COV	[868-868]	868	7
COV	[869-869]	869	9
COV	[870-870]	870	12
COV	[871-871]	871	10
COV	[872-872]	872	15
COV	[873-873]	873	11
COV	[874-874]	874	9
COV	[875-875]	875	10
COV	[876-876]	876	7
COV	[877-877]	877	9
COV	[878-878]	878	10
COV	[879-879]	879	16
COV	[880-880]	880	12
COV	[881-881]	881	14
COV	[882-882]	882	11
COV	[883-883]	883	16
COV	[884-884]	884	13
COV	[885-885]	885	17
COV	[886-886]	886	16
COV	[887-887]	887	8
COV	[888-888]	888	4
COV	[889-889]	889	11
COV	[890-890]	890	8
COV	[891-891]	891	6
COV	[892-892]	892	6
COV	[893-893]	893	13
COV	[894-894]	894	8
COV	[895-895]	895	4
COV	[896-896]	896	11
COV	[897-897]	897	8
COV	[898-898]	898	3
COV	[899-899]	899	8
COV	[900-900]	900	10
COV	[901-901]	901	11
COV	[902-902]	902	14
COV	[903-903]	903	11
COV	[904-904]	904	10
COV	[905-905]	905	10
COV	[906-906]	906	6
COV	[907-907]	907	5
COV	[908-908]	908	9
COV	[909-909]	909	12
COV	[910-910]	910	10
COV	[911-911]	911	8
COV	[912-912]	912	11
COV	[913-913]	913	10
COV	[914-914]	914	12
COV	[915-915]	915	7
COV	[916-916]	916	7
COV	[917-917]	917	5
COV	[918-918]	918	6
COV	[919-919]	919	9
COV	[920-920]	920	5
COV	[921-921]	921	5
COV	[922-922]	922	6
COV	[923-923]	923	10
COV	[924-924]	924	7
COV	[925-925]	925	9
COV	[926-926]	926	15
COV	[927-927]	927	14
COV	[928-928]	928	8
COV	[929-929]	929	9
COV	[930-930]	930	6
COV	[931-931]	931	9
COV	[932-932]	932	6
COV	[933-933]	933	8
COV	[934-934]	934	9
COV	[935-935]	935	9
COV	[936-936]	936	5
COV	[937-937]	937	6
COV	[938-938]	938	8
COV	[939-939]	939	5
COV	[940-940]	940	9
COV	[941-941]	941	4
COV	[942-942]	942	2
COV	[943-943]	943	7
COV	[944-944]	944	4
COV	[945-945]	945	5
COV	[946-946]	946	3
COV	[947-947]	947	4
COV	[948-948]	948	6
COV	[949-949]	949	4
COV	[950-950]	950	6
COV	[951-951]	951	5
COV	[952-952]	952	2
COV	[953-953]	953	5
COV	[954-954]	954	2
COV	[955-955]	955	6
COV	[956-956]	956	2
COV	[957-957]	957	6
COV	[958-958]	958	4
COV	[959-959]	959	4
COV	[960-960]	960	4
COV	[961-961]	961	1
COV	[962-962]	962	5
COV	[963-963]	963	3
COV	[964-964]	964	10
COV	[965-965]	965	3
COV	[966-966]	966	4
COV	[967-967]	967	3
COV	[968-968]	968	3
COV	[969-969]	969	1
COV	[970-970]	970	6
COV	[971-971]	971	2
COV	[972-972]	972	3
COV	[973-973]	973	2
COV	[974-974]	974	5
COV	[975-975]	975	2
COV	[976-976]	976	1
COV	[977-977]	977	6
COV	[978-978]	978	5
COV	[979-979]	979	5
COV	[980-980]	980	3
COV	[981-981]	981	6
COV	[982-982]	982	1
COV	[983-983]	983	3
COV	[984-984]	984	4
COV	[985-985]	985	2
COV	[986-986]	986	3
COV	[987-987]	987	2
COV	[988-988]	988	7
COV	[989-989]	989	3
COV	[990-990]	990	3
COV	[991-991]	991	6
COV	[992-992]	992	4
COV	[993-993]	993	4
COV	[994-994]	994	1
COV	[995-995]	995	2
COV	[996-996]	996	3
COV	[997-997]	997	5
COV	[998-998]	998	2
COV	[999-999]	999	4
COV	[1000-1000]	1000	2
COV	[1000<]	1000	1222
# GC-depth. Use `grep ^GCD | cut -f 2-` to extract this part. The columns are: GC%, unique sequence percentiles, 10th, 25th, 50th, 75th and 90th depth percentile
GCD	0.0	0.063	0.000	0.000	0.000	0.000	0.000
GCD	30.0	0.189	4.499	6.436	15.319	19.665	20.090
GCD	31.0	0.253	2.203	2.203	9.114	16.025	16.025
GCD	32.0	0.379	1.324	1.545	2.309	12.755	16.203
GCD	33.0	0.632	1.817	2.315	6.916	12.913	58.116
GCD	34.0	1.137	0.571	1.926	2.575	6.652	12.850
GCD	35.0	1.958	0.545	0.663	2.370	6.356	15.324
GCD	36.0	3.694	0.553	0.593	0.706	2.291	7.221
GCD	37.0	6.568	0.484	0.622	0.706	1.373	5.595
GCD	38.0	10.578	0.507	0.578	0.691	1.126	7.163
GCD	39.0	17.840	0.583	0.661	0.763	1.316	8.762
GCD	40.0	24.724	0.562	0.642	0.751	1.165	3.470
GCD	41.0	30.439	0.603	0.659	0.756	1.482	7.838
GCD	42.0	36.565	0.615	0.670	0.753	0.912	6.598
GCD	43.0	41.806	0.642	0.691	0.780	1.164	7.538
GCD	44.0	47.458	0.647	0.721	0.805	1.709	9.403
GCD	45.0	52.763	0.667	0.762	0.862	3.584	8.749
GCD	46.0	57.499	0.687	0.759	0.889	3.835	13.767
GCD	47.0	62.078	0.704	0.773	0.894	2.854	11.691
GCD	48.0	65.867	0.718	0.840	0.973	3.608	11.179
GCD	49.0	70.035	0.790	0.904	1.096	6.153	13.894
GCD	50.0	73.066	0.780	0.854	1.025	4.499	13.095
GCD	51.0	76.129	0.761	0.884	2.291	7.830	15.600
GCD	52.0	78.560	0.887	1.010	4.785	13.055	25.297
GCD	53.0	81.528	0.938	1.225	4.400	14.136	25.258
GCD	54.0	83.644	0.893	1.309	7.427	15.270	26.930
GCD	55.0	85.728	1.011	2.627	7.857	16.816	26.130
GCD	56.0	87.338	1.083	2.963	5.334	13.931	27.987
GCD	57.0	88.949	1.160	3.625	6.998	14.317	21.916
GCD	58.0	90.369	1.243	3.810	9.941	22.487	29.170
GCD	59.0	91.948	2.977	6.046	17.097	25.768	33.998
GCD	60.0	93.748	1.181	3.835	11.596	23.036	42.874
GCD	61.0	95.769	1.956	3.629	11.731	22.826	34.557
GCD	62.0	97.158	3.546	5.978	13.922	28.399	46.795
GCD	63.0	97.948	2.017	2.766	4.820	18.880	31.975
GCD	64.0	98.674	2.249	4.222	12.870	33.112	74.744
GCD	65.0	99.211	3.201	4.645	8.183	20.263	36.196
GCD	66.0	99.590	2.199	2.883	9.329	47.004	67.468
GCD	67.0	99.842	1.975	2.456	4.180	8.802	9.289
GCD	68.0	99.937	3.373	3.373	4.316	4.919	4.919
GCD	69.0	99.968	16.509	16.509	16.509	16.509	16.509
GCD	70.0	100.000	3.432	3.432	3.432	3.432	3.432
