# This file was produced by samtools stats (1.24+htslib-1.24) and can be plotted using plot-bamstats
# This file contains statistics for all reads.
# The command line was:  stats -@ 16 results_exome/bam/NA12878.md.bam chr1 chr2 chr3 chr4 chr5 chr6 chr7 chr8 chr9 chr10 chr11 chr12 chr13 chr14 chr15 chr16 chr17 chr18 chr19 chr20 chr21 chr22
# CHK, Checksum	[2]Read Names	[3]Sequences	[4]Qualities
# CHK, CRC32 of reads which passed filtering followed by addition (32bit overflow)
CHK	181efe22	377a246b	0b0d2ed2
# Summary Numbers. Use `grep ^SN | cut -f 2-` to extract this part.
SN	raw total sequences:	149920961	# excluding supplementary and secondary reads
SN	filtered sequences:	0
SN	sequences:	149920961
SN	is sorted:	1	# sorted by coordinate
SN	1st fragments:	74960411
SN	last fragments:	74960550
SN	reads mapped:	149919981
SN	reads mapped and paired:	149919001	# paired-end technology bit set + both mates mapped
SN	reads unmapped:	980
SN	reads properly paired:	149089050	# proper-pair bit set
SN	reads paired:	149920961	# paired-end technology bit set
SN	reads duplicated:	21272132	# PCR or optical duplicate bit set
SN	reads MQ0:	16259367	# mapped and MQ=0
SN	reads QC failed:	0
SN	non-primary alignments:	0
SN	supplementary alignments:	44553
SN	total length:	14845253215	# ignores clipping
SN	total first fragment length:	7422624063	# ignores clipping
SN	total last fragment length:	7422629152	# ignores clipping
SN	bases mapped:	14845154453	# ignores clipping
SN	bases mapped (cigar):	14834168091	# more accurate
SN	bases trimmed:	0
SN	bases duplicated:	2113241072
SN	mismatches:	29161404	# from NM fields
SN	error rate:	1.965827e-03	# mismatches / bases mapped (cigar)
SN	average length:	99
SN	average first fragment length:	99
SN	average last fragment length:	99
SN	maximum length:	101
SN	maximum first fragment length:	101
SN	maximum last fragment length:	101
SN	average quality:	36.4
SN	insert size average:	178.5
SN	insert size standard deviation:	70.9
SN	inward oriented pairs:	74859322
SN	outward oriented pairs:	40056
SN	pairs with other orientation:	24982
SN	pairs on different chromosomes:	35140
SN	percentage of properly paired reads (%):	99.4
SN	bases inside the target:	2875001522
SN	percentage of target genome with coverage > 0 (%):	40.50
# First Fragment Qualities. Use `grep ^FFQ | cut -f 2-` to extract this part.
# Columns correspond to qualities and rows to cycles. First column is the cycle number.
FFQ	1	0	0	508	0	0	0	0	0	0	0	86525	0	0	0	0	0	319689	0	0	6028	0	0	16406	193073	0	581175	478720	600178	1239341	0	4003045	23715543	0	6762961	36957219	0	0	0	0	0	0	0	0
FFQ	2	0	0	322	0	0	0	0	0	0	0	67247	0	0	0	0	0	195666	0	0	594	0	0	43035	146770	0	364970	444780	785660	855654	0	3700485	22074826	0	5048076	41232326	0	0	0	0	0	0	0	0
FFQ	3	0	0	932	0	0	0	0	0	0	0	508150	0	0	0	0	0	517690	0	0	2516	0	0	144809	263562	0	349914	677347	1234228	711377	0	3351332	21147948	0	3515741	42534865	0	0	0	0	0	0	0	0
FFQ	4	0	0	5431	0	0	0	0	0	0	0	230998	0	0	0	0	0	87055	0	0	301292	0	0	51543	0	0	181576	233283	16239	707899	4403	634200	14798	1462505	2178576	0	16872366	0	51978247	0	0	0	0	0
FFQ	5	0	0	127	0	0	0	0	0	0	0	56896	0	0	0	0	0	72963	0	0	154888	0	0	53294	0	0	186641	288702	14321	620097	6654	792891	16233	1463713	2322016	0	16650321	0	52260654	0	0	0	0	0
FFQ	6	0	0	0	0	0	0	9	0	7201	0	42073	12082	0	0	3	11600	13924	84929	33341	33129	0	5681	3615	66842	45	217624	272334	31382	287873	156322	796376	146560	1287572	1913642	134	14734564	1372689	53428865	0	0	0	0	0
FFQ	7	0	0	0	0	0	2	25	0	7882	0	48899	13505	3	0	16	8632	18179	79745	45283	34578	17	8101	5607	81410	78	237532	300983	50887	265666	179825	861019	129284	1311018	1880577	102	14229304	1391194	53771058	0	0	0	0	0
FFQ	8	0	0	0	0	0	18	18	6	9484	0	51752	11869	21	5	16	9565	21284	79686	44386	32096	53	9677	6585	81121	76	249415	299679	67268	244352	176047	876540	137259	1295564	1845659	267	13910876	1309179	54190588	0	0	0	0	0
FFQ	9	0	0	0	0	0	45	66	45	10097	0	52023	11122	69	35	40	11822	20274	88847	38282	27857	280	9712	6554	73951	172	246936	111656	256636	220644	150207	828776	105976	1082326	1178095	758480	4186082	1953	7892576	4187767	53401008	0	0	0
FFQ	10	0	0	0	0	0	154	175	35	13452	6	55447	12917	222	26	96	17668	23918	103802	40494	28472	652	12879	8557	78859	565	245430	117652	343895	184725	160642	837814	128826	1193809	1208855	863635	4378228	2693	8264440	4556542	52074829	0	0	0
FFQ	11	0	0	0	0	0	193	219	46	12722	26	48828	10333	209	28	136	16100	24185	80816	40076	27121	876	13648	8473	81701	1073	247948	123978	387129	92714	164555	861044	134906	1147260	1239977	761210	4395994	2180	8091643	4707150	52235914	0	0	0
FFQ	12	0	0	0	0	0	293	170	92	12743	56	55136	11933	373	47	155	15759	27087	89775	49217	29610	1382	16844	11512	91439	1957	258702	135157	470170	57854	177716	893260	122968	1226565	1277954	803136	4476064	2526	8201710	4828820	51612229	0	0	0
FFQ	13	0	0	0	0	0	214	222	158	12775	84	56235	11203	403	76	180	15261	24951	89942	45660	30372	1471	15321	10388	88292	2636	262880	125379	477070	39579	176973	907106	116411	1196630	1297275	778343	4487922	2416	8137693	4792104	51756786	0	0	0
FFQ	14	0	0	0	0	0	241	369	192	12909	175	55568	12394	639	101	273	3282	33932	97857	43666	31957	1580	16511	9732	39038	54034	264645	119544	488771	35057	172512	414463	572983	860583	1285267	887098	860102	2743039	2286210	6743655	4787028	14134043	37890961	0
FFQ	15	0	0	0	0	0	232	372	229	13249	314	51657	13985	534	109	396	3652	33978	88993	42886	35888	1512	16869	8625	41646	57362	267734	112353	486077	33373	183872	425791	601759	839413	1325928	849394	898886	2739228	2213690	6820009	4536287	14118431	38095698	0
FFQ	16	0	0	4	0	0	300	467	398	15279	522	53714	12746	751	168	481	4742	38305	89227	45914	34227	1831	20074	9849	47723	60481	271617	124809	481123	37966	185730	439649	613045	845470	1341980	854912	935033	2751221	2224719	6828497	4499631	14116708	37971098	0
FFQ	17	0	0	0	0	0	392	509	434	15336	802	53863	12807	897	197	565	6586	36687	87630	47828	34207	2203	21159	10900	47597	65728	266884	124686	479380	38442	189253	444090	608677	847164	1347825	865346	954956	2755503	2253634	6852127	4549472	14150259	37786386	0
FFQ	18	0	0	35	0	0	378	675	555	15948	1204	55365	12237	1024	333	747	7282	37600	91027	47158	33096	2501	21994	11843	50408	68218	265135	128745	475466	39789	186037	457080	602113	846359	1348509	878619	980150	2750326	2275324	6841855	4618473	14035538	37771265	0
FFQ	19	0	0	13636	0	0	399	895	801	17304	1803	58922	13177	1219	465	859	8718	34567	10555	139051	34443	3065	23143	11702	52413	76021	263196	129370	479033	41411	189422	473488	602271	847984	864437	1388563	1013103	2383594	2333818	5810726	5404346	14354339	37878152	0
FFQ	20	0	0	0	0	0	431	895	984	16944	2609	54884	12682	1309	588	1035	10333	36612	14641	140301	37624	3180	24289	12579	55695	86039	260360	133688	478078	43257	195386	489028	604484	842851	882259	1394787	1062017	2397372	2329036	5862373	5490054	14440810	37540917	0
FFQ	21	0	0	0	0	0	468	1135	1237	18203	3759	54799	13285	1474	691	1206	11443	37354	16915	126968	37897	3755	26516	13076	60883	95716	258153	134531	480175	43695	198969	512461	610872	846463	898384	1405572	1107721	2405299	2341377	5892302	5590946	14389640	37317071	0
FFQ	22	0	0	0	0	0	506	1373	1381	18991	4839	52513	12602	1678	822	1436	13473	39233	20101	117924	38221	4086	28799	13674	64679	106204	249307	134159	467424	44903	198756	527980	610187	822656	906361	1402799	1155673	2397140	2365297	5914367	5694047	14347107	37179713	0
FFQ	23	0	0	0	0	0	609	1667	1715	21579	6312	51153	12106	1913	1119	1773	15930	41122	24126	111321	39141	4883	31957	15344	70519	119977	243361	137889	458926	48033	202479	555001	616779	810787	922205	1398161	1210510	2400114	2374262	5965061	5756215	14305490	36980872	0
FFQ	24	0	0	0	0	0	641	2046	2212	22875	8015	49725	11192	2377	1166	2085	18331	44242	28766	102861	39533	5856	34723	16593	76055	135553	234121	142340	449427	50297	204911	579188	620470	793473	938899	1399808	1271828	2393041	2389682	6058234	5599945	13792772	37437128	0
FFQ	25	0	0	0	0	0	704	2353	2567	25320	10490	49316	10603	2660	1560	2488	21352	47642	33389	97550	40615	6308	39060	17558	82743	155458	229398	146677	443594	52955	209680	614080	631895	780070	962458	1400751	1348957	2399189	2405237	6128706	5610478	13892671	37053879	0
FFQ	26	0	0	7	0	0	1055	3745	4357	39545	19314	68796	13883	3253	2202	3330	26569	56137	42694	96975	43907	7134	42974	18858	88741	177154	222054	150650	431322	56221	211453	643006	636039	756573	983478	1398715	1428256	2391388	2425382	6167764	5591084	14048934	36657462	0
FFQ	27	0	0	794	0	0	1232	4325	5347	45217	24954	67528	11769	4066	2939	3943	32578	64760	51422	90961	44509	8831	47057	20966	93530	196691	222900	154625	425360	60187	213833	692359	644129	743848	1009798	1405741	1516708	2391448	2454353	6237155	5555913	14174821	36233814	0
FFQ	28	0	0	3465	0	0	1359	4742	6240	48109	30145	62028	9424	4583	3515	4713	37272	70609	55020	81234	44056	9955	51438	22975	97166	214111	217557	156686	409529	64276	215272	726182	646504	713736	1032484	1401869	1608368	2373556	2478847	6286279	5528083	14370945	35868079	0
FFQ	29	0	0	19	0	0	1646	5720	7792	52650	36782	57432	7211	5456	4334	5578	43005	78737	56652	75206	45335	12225	56776	25898	100438	233509	221831	164599	396192	69113	219471	778173	661539	690371	1066115	1402808	1719673	2369818	2500741	6387214	5470220	14500789	35429343	0
FFQ	30	0	0	7115	0	0	1800	6479	9034	58557	46370	53497	5429	6039	5514	6333	47800	84791	55831	68855	45983	12834	55257	27793	106685	244697	222101	166619	375094	74590	221775	807648	663922	658467	1093756	1392125	1828289	2342007	2515766	6444200	5387189	14607990	35202180	0
FFQ	31	0	0	6	0	0	1954	7073	10275	57717	50441	42329	3683	7116	6250	7465	53549	93129	49920	66221	47153	14411	60275	30477	109952	255548	231802	173686	360336	81759	226736	840170	676873	633005	1131686	1385588	1954987	2320400	2531022	6530007	5279159	14694035	34934216	0
FFQ	32	0	0	57	0	0	2311	7878	11909	59604	56949	33517	2907	7690	7014	8609	55716	90063	40996	64833	47491	16426	65243	33589	111779	260816	239076	179745	341236	87860	231382	879783	687595	600857	1174246	1384172	2087003	2294091	2560852	6608286	5183370	14714753	34720707	0
FFQ	33	0	0	22	0	0	2462	8941	14059	61931	64042	25930	2800	8688	8162	9648	59999	93117	33064	65878	49295	18966	70238	36821	114627	267614	246366	188798	327529	97557	237170	914010	704012	578685	1214107	1377722	2229706	2272888	2605736	6695071	5105240	14681370	34468140	0
FFQ	34	0	0	65	0	0	2868	9914	16423	63458	71222	18487	3174	9721	9527	10927	65736	94036	26587	68381	50388	21639	76012	41220	119165	272442	252502	198133	316109	106759	244265	939222	720174	561445	1264248	1378966	2372044	2254117	2647554	6789440	5030657	14698227	34135157	0
FFQ	35	0	0	107	0	0	3010	11078	18159	62310	74427	12149	3591	10717	10714	12486	68889	93970	21059	68190	50238	23859	76709	43946	120903	274696	255498	205693	302559	116722	246480	956391	727543	545595	1308877	1370326	2531557	2198026	2721441	6820581	5002974	14675937	33913004	0
FFQ	36	0	0	179	0	0	3176	12239	20237	62876	79654	7969	3934	11818	12213	14367	73635	91086	17379	70169	52153	26397	81443	48223	126377	279862	253353	215703	299408	128550	256050	967925	745782	543895	1361363	1371494	2698756	2173846	2767109	6875979	4978954	14670290	33556568	0
FFQ	37	0	0	379	0	0	3820	13238	23247	63873	82631	5106	4638	12657	14135	15775	79508	88484	15827	73402	54465	29929	87361	52178	132987	288492	255745	228122	299191	143156	264031	988554	768675	552153	1425021	1382082	2873149	2153845	2839134	6928444	4978877	14628954	33109146	0
FFQ	38	0	0	393	0	0	4185	14874	26090	64239	85267	3575	4924	14210	16175	17936	85077	82543	15900	75620	56039	33230	93379	57239	139856	291340	246218	238975	300350	157715	272685	985318	785651	560630	1485195	1386053	3044278	2135664	2898003	6927526	5027619	14613551	32712889	0
FFQ	39	0	0	508	0	0	5094	15474	29744	63948	85901	3177	5503	15965	18046	19559	91378	77434	16499	77633	56946	37843	85250	61716	162564	296429	238061	251915	301583	173405	280869	987425	804336	576090	1544647	1396753	3225682	2123747	2958732	6685930	5303827	14539144	32341654	0
FFQ	40	0	0	664	0	0	5336	16968	31799	62925	83376	3321	6249	17113	20040	21647	93581	69699	17590	78088	57189	40758	87063	66265	169896	297621	224876	262115	300882	189446	286654	972269	814725	591342	1600175	1402659	3405782	2111360	3033049	6643251	5352555	14475118	32046965	0
FFQ	41	0	0	860	0	0	5837	18302	35869	63768	83971	3711	6968	18835	23218	23967	97550	62353	20214	82158	59043	45248	91576	72168	182601	304656	213036	277919	306630	210542	298391	970281	840133	615540	1672113	1430256	3595372	2127060	3116348	6650810	5383478	14386843	31562786	0
FFQ	42	0	0	1086	0	0	6363	20076	40782	65088	84076	4146	7660	20525	25764	26676	101704	56455	22072	85625	61053	49413	95331	78053	194276	308565	200732	291382	310570	232033	310896	960087	865627	640662	1734581	1459657	3784296	2159633	3199234	6625265	5445460	14299677	31085830	0
FFQ	43	0	0	1824	0	0	6839	21237	43198	63754	81144	4463	8433	22393	28441	28910	105183	49164	23508	87635	61666	54659	98176	84499	204902	310639	187082	304534	311691	251988	320511	950628	883116	661397	1792574	1495437	3970809	2201398	3276667	6578836	5514878	14201943	30666255	0
FFQ	44	0	0	1645	0	0	5847	19100	40498	57623	73139	4559	8739	21782	29532	28524	101722	40830	22811	83220	56308	55984	95891	87608	205982	298418	169863	303039	298606	269727	313883	921067	878657	664841	1824528	1505299	4217781	2210445	3400707	6436012	5797514	14122495	30286185	0
FFQ	45	0	0	1970	0	0	6280	20436	43939	58287	71914	4707	9145	21733	31370	29796	94862	30956	24886	73376	57797	89857	70317	86001	234149	298096	164579	316861	301918	286371	324607	894857	897504	685414	1855160	1540421	4454725	2292414	3455991	6357461	5669398	14013562	30089294	0
FFQ	46	0	0	2397	0	0	5097	18015	39379	50692	62793	4515	9294	21272	32145	29321	89575	24673	23358	66866	51638	89411	67122	87465	229290	283974	148814	310735	286421	298337	317267	862452	883998	686518	1865911	1559373	4742243	2329735	3593879	6158856	5946880	13818283	29862417	0
FFQ	47	0	0	2810	0	0	5173	18399	42152	52079	61980	4634	9205	21672	34189	30658	85909	21219	24984	68975	53617	92426	66782	90820	241197	282622	134545	321584	287818	313475	325912	835868	897865	704955	1880534	1606310	5026789	2424282	3664929	6042700	5919818	13522835	29738690	0
FFQ	48	0	0	3312	0	0	5715	19781	45550	53744	60612	4912	9928	23302	37817	33146	85417	18757	26534	71601	54901	98986	67815	97071	256296	281879	125702	336341	289577	337365	339160	827673	923963	728602	1911696	1673613	5336645	2521683	3776505	5936810	5947073	13190804	29400123	0
FFQ	49	0	0	3874	0	0	6088	20193	47423	53783	57218	5358	10830	24219	40910	34842	81363	16578	27799	72787	54656	105941	68442	102157	229110	303551	103496	349328	317603	362562	351142	810917	944232	751396	1939241	1755608	5629853	2637674	3934467	5308818	6565781	12972785	28858386	0
FFQ	50	0	0	4542	0	0	6374	20826	50544	54729	54935	5897	11816	25229	44169	36915	77830	15158	28980	75607	55534	113800	69142	109985	242777	303453	95723	366982	321685	389987	364500	809201	973483	780256	1984589	1851318	5984188	2742876	4075273	5240676	6639199	12719028	28213205	0
FFQ	51	0	0	5090	0	0	7022	21637	54146	56118	52090	6586	13048	26399	47636	38125	73214	14765	31082	78624	55449	122243	69802	116418	254943	303195	88415	381486	325942	418266	381341	801198	1000314	810275	2019156	1955156	6355547	2857980	4225621	5158964	6723766	12473812	27498234	0
FFQ	52	0	0	5647	0	0	7603	22165	56760	58089	49004	7135	13703	27372	50656	39979	68606	14289	32095	82612	56188	130395	71274	124272	264603	300830	81333	398305	328642	441895	398457	792626	1032848	841887	2052206	2077591	6754087	2983651	4359375	5080058	6824116	12237035	26716644	0
FFQ	53	0	0	6244	0	0	7926	22138	58903	58623	45117	7796	14784	27748	54253	40477	64094	14036	33118	85220	55553	137903	72040	130330	273073	296623	76787	413161	330830	468866	413737	787560	1064192	874056	2089277	2191271	7177636	3117410	4492523	4991122	6937463	11961404	25947952	0
FFQ	54	0	0	6908	0	0	8528	23018	61942	61428	41987	8749	15903	28803	57878	41579	60085	14024	34763	89129	55242	145678	73159	139010	285822	291438	73299	428985	334475	495212	431482	781945	1097789	909627	2131402	2318665	7639317	3261501	4610659	4902826	7036400	11678651	25116197	0
FFQ	55	0	0	8078	0	0	9095	23011	65025	63310	38607	9041	16968	25605	60739	45682	55241	13198	37566	92791	55238	144372	84263	146216	296058	207902	151832	443917	334431	522709	450129	781351	1130813	943869	2160724	2462139	8121327	3408160	4622505	4931020	7129083	11401333	24245486	0
FFQ	56	0	0	8518	0	0	10103	23470	68654	67184	35378	10261	18287	26373	63747	46812	51619	13651	38815	97388	54871	153817	86842	155190	305183	199444	156032	463228	338012	548743	470082	782491	1167329	980368	2204495	2597871	8626005	3557338	4764357	4824902	7223104	11057734	23380707	0
FFQ	57	0	0	9297	0	0	10791	24053	71580	70261	31686	11142	19619	26564	67506	47516	49280	13589	40947	102501	54556	164676	88486	165051	317021	192164	162300	480848	343782	576024	494855	784680	1208919	1019972	2254436	2750564	9155949	3691771	4926074	4729861	7310862	10733728	22411225	0
FFQ	58	0	0	10293	0	0	11081	24814	75730	74617	28639	11996	21498	27671	71632	47833	47653	13839	42629	108513	54054	175377	91493	175460	327004	186033	167732	502591	349969	602504	517781	793892	1249171	1063338	2308359	2899793	9717127	3830194	5072723	4630425	7398335	10383921	21431262	0
FFQ	59	0	0	11212	0	0	12369	24486	78318	77080	24794	13090	22343	28234	75122	42512	45873	13523	42885	117952	52980	156548	81202	225019	278554	158053	160465	608871	352319	624486	539423	799370	1292527	1100870	2356428	3056997	10302999	3976397	5205607	4507495	7423199	10011328	20576440	0
FFQ	60	0	0	12345	0	0	12787	24076	80545	78906	21015	14183	23170	27714	76741	40838	43522	13581	44696	123356	51583	163586	80968	235198	276276	148849	167682	627860	354432	637699	562051	803122	1323298	1134975	2405675	3202173	10928033	4128379	5349082	4373585	7484775	9635868	19693438	0
FFQ	61	0	0	13489	0	0	13529	23912	83405	80757	16875	15041	24571	27724	78510	38820	42830	13767	46141	127481	49466	169850	82909	246288	275846	142263	173433	646741	357817	650535	582939	815850	1361118	1170838	2456462	3357115	11587276	4282132	5496455	4247683	7519258	9268674	18744984	0
FFQ	62	0	0	19082	0	0	14236	23690	87604	84710	14114	16361	25564	28110	80101	37668	43034	13683	48092	134945	49179	177096	84565	258362	274167	137671	181048	673495	363645	657506	610586	828461	1402551	1212795	2515874	3530745	12249153	4443945	5624347	4125064	7544967	8886822	17754190	0
FFQ	63	0	0	25669	0	0	13936	22026	83983	82390	10592	16604	25902	27203	80458	33979	42045	12612	47395	133220	45009	179368	83295	263153	264227	131332	183039	675561	363557	659935	620635	841244	1426180	1248325	2566438	3689764	12988545	4624720	5779098	3957568	7738618	8522692	16666938	0
FFQ	64	0	0	33832	0	0	15203	21739	86174	82505	7902	17847	26765	27217	80314	31971	42813	12608	49044	139458	43204	187602	83948	272183	260666	128886	189930	695678	363917	659131	640052	849971	1445560	1276018	2583749	3807533	13777802	4793381	5890746	3775449	7719304	8001812	15969666	0
FFQ	65	0	0	43064	0	0	15707	21282	88005	82385	5677	19604	27482	27199	80650	29539	39924	16757	50939	110787	73874	195009	84366	240577	296092	126989	196696	694166	276227	649041	774393	870378	1472706	1310189	2640346	3938042	14546264	4968037	6013484	3609095	7718731	7542209	15101743	0
FFQ	66	0	0	54039	0	0	16281	20715	91603	83531	4019	20343	28821	27382	80323	28168	41530	17326	53744	114583	75277	204283	86243	249980	296476	126056	206742	716100	278229	647740	809035	895729	1506787	1352310	2701908	4108029	15320633	5123056	6118713	3450584	7717334	7111770	14111686	0
FFQ	67	0	0	65164	0	0	17098	20386	95657	84481	2704	22197	30065	27686	80951	26163	42932	17390	56028	119249	75663	211033	86679	256855	291959	127845	215652	733787	282110	638536	842033	923436	1539088	1391936	2769014	4264294	16113870	5294550	6207668	3293486	7729771	6669268	13122438	0
FFQ	68	0	0	77256	0	0	16516	18977	90910	79666	1549	22668	29385	26384	78429	23366	42301	16581	55330	114431	73381	211894	85076	255211	282528	126338	218950	730262	277384	615696	859064	943690	1555829	1423865	2824476	4421943	16991202	5493541	6309486	3102653	7830945	6256909	12093295	0
FFQ	69	0	0	90660	0	0	17452	19091	95329	80090	1026	24060	30892	26951	76961	22184	44351	17157	57236	120864	75099	220645	85620	264249	278844	127632	229229	750990	281460	599694	890275	969364	1571017	1450435	2867681	4536141	17888501	5647893	6394022	2920858	7778626	5769852	11240935	0
FFQ	70	0	0	105915	0	0	18451	18214	97582	77740	587	25172	31312	27309	75907	20542	46715	17143	59207	124219	74729	227401	84730	198819	224632	251777	236697	762640	284705	584658	915259	1000847	1586366	1481168	2931709	4675516	18764614	5809409	6482807	2733522	7754363	5307771	10326623	0
FFQ	71	0	0	121615	0	0	19045	17801	100180	76341	344	26983	32354	27490	74854	19366	49292	17458	62122	128011	75638	237396	86240	200055	221552	261904	247607	781266	289896	565908	947142	1031949	1606634	1516919	3009821	4823880	19640299	5952574	6564891	2557179	7688512	4855862	9391259	0
FFQ	72	0	0	138947	0	0	19846	17117	104340	75243	188	28536	33217	27736	73782	18160	51414	17480	64199	131797	76940	246060	85711	200712	216626	271249	260029	791973	297748	546054	984858	1064167	1628561	1548096	3088672	4995180	20481427	6109361	6652832	2377178	7612723	4410609	8455822	0
FFQ	73	0	0	157339	0	0	20307	16401	107229	73812	117	30549	33815	28275	70565	16751	53024	17936	66653	134630	78606	252133	86201	198495	214604	279621	270430	800615	305588	521323	1013140	1094111	1642723	1580120	3170692	5161372	21377235	6245280	6735804	2203181	7507978	3989808	7522120	0
FFQ	74	0	0	175248	0	0	20442	15386	105756	68976	82	31245	33806	28337	67259	15262	54582	17953	67091	134967	77306	255750	84344	190944	211683	284794	277887	801703	312623	493138	1038684	1118275	1646400	1605393	3252424	5318445	22292169	6378297	6822379	2027671	7401798	3569235	6649899	0
FFQ	75	0	0	195963	0	0	21480	15019	110723	68121	66	33486	34308	28497	65279	14647	57191	18116	69544	140923	79310	266531	84815	189894	214225	296091	293986	659809	481323	476426	1080328	1154135	1672774	1641332	3347590	5507096	23103155	6516178	6871438	1864484	7224566	3143829	5766533	0
FFQ	76	0	0	217842	0	0	21657	14079	112285	65296	34	34528	34171	28692	62329	13366	58366	18346	71457	141990	80654	269159	83739	182001	213528	301108	304334	652880	496803	446679	1107268	1173956	1680767	1670175	3434814	5684899	23997009	6640998	6921333	1687939	7030433	2743277	4963874	0
FFQ	77	0	0	241083	0	0	22729	13900	116415	63681	29	36902	34385	29381	60993	12864	61846	18730	74150	147066	82919	280284	83853	177929	218391	313123	319528	659591	515101	425609	1147628	1203159	1701839	1709810	3517660	5895678	24791221	6764689	6935532	1528175	6762463	2358905	4179294	0
FFQ	78	0	0	266746	0	0	23207	13367	120495	61257	30	38655	34554	29364	58092	12081	62895	18746	76116	149854	84542	284645	82671	169536	218095	320454	331611	654229	530373	398647	1176102	1216101	1713157	1733748	3591002	6081803	25650232	6887339	6938548	1364874	6458963	1999063	3492328	0
FFQ	79	0	0	290946	0	0	23477	12495	122511	58157	28	39929	35604	30255	55432	11156	65067	18939	78256	152531	86809	290255	82111	160431	221467	327566	345693	649958	545947	371803	1208452	1229270	1726443	1757965	3668746	6265653	26499385	6993539	6908485	1212903	6105551	1658055	2863878	0
FFQ	80	0	0	317299	0	0	23745	11744	121768	54420	24	41264	34757	30335	51967	10196	66555	18715	78867	152671	87688	294928	80187	149613	223493	334896	355279	638402	561098	343552	1232771	1238790	1734359	1777182	3742625	6423064	27385538	7086128	6866909	1062921	5718071	1347324	2304297	0
FFQ	81	0	0	345882	0	0	23865	10691	124096	51043	19	42643	34043	30235	48341	9601	67241	18741	81025	154694	88843	298405	79207	139824	227451	340527	367028	629871	575718	318412	1254727	1246602	1750439	1796757	3804527	6614798	28234090	7170574	6770345	924555	5273086	1072680	1809371	0
FFQ	82	0	0	379706	0	0	24999	10559	127095	49280	18	44130	33689	31022	44743	9233	69366	19016	82400	158675	91998	304996	78474	129790	231073	347628	381711	623235	590104	293967	1284347	1252509	1767792	1817481	3865403	6803671	29048119	7240449	6612333	795820	4797294	831369	1378224	0
FFQ	83	0	0	409818	0	0	25195	9578	128580	46228	20	45947	34489	31929	41658	8512	71685	19254	83489	160731	95101	309285	76610	119656	233839	354895	396658	611724	607386	272063	1312542	1256358	1781636	1843578	3923850	7014164	29851661	7274710	6411680	680523	4284109	628870	1014848	0
FFQ	84	0	0	443183	0	0	24705	8805	126802	42534	17	47080	33380	31445	38318	7967	72318	19345	86389	160438	97638	315367	74457	109290	240110	361026	406993	602638	621679	249603	1335186	1260891	1807730	1871258	3982508	7197838	30632484	7297554	6158289	567989	3764813	459522	731173	0
FFQ	85	0	0	478630	0	0	24566	8124	129008	39395	22	47994	32264	31847	34699	7390	72705	19693	86839	161121	100049	315078	72173	98998	242319	365977	422618	588398	635218	228406	1360601	1259754	1826585	1892551	4033411	7381425	31417617	7292967	5854669	467625	3234117	324320	507958	0
FFQ	86	0	0	517252	0	0	25387	7752	132601	37122	16	48710	31285	32318	31714	7020	74488	20125	88876	164552	103877	319228	69577	89242	247567	372418	437477	573880	651528	208070	1381342	1255397	1845294	1916350	4089515	7569620	32149212	7242803	5507256	381068	2704828	221164	339293	0
FFQ	87	0	0	558914	0	0	25034	7167	129828	33711	16	49233	30370	32591	28577	6593	75293	19676	89284	163466	106730	322228	67359	79516	249818	376235	448747	554658	663981	190304	1397460	1250060	1861714	1933490	4124693	7737989	32885332	7188762	5117286	303109	2211334	144460	218279	0
FFQ	88	0	0	605019	0	0	24840	6347	127483	31292	12	49684	29760	32438	25399	6258	76048	19537	89994	163001	109358	326326	63679	70966	251595	384102	461935	537116	676201	173915	1417760	1247022	1875690	1958151	4168265	7914889	33540374	7093523	4692771	237919	1748880	89969	134539	0
FFQ	89	0	0	654515	0	0	24687	5743	126897	28619	17	49408	28281	31929	22179	5513	77078	19584	89525	162101	112054	324414	60238	61967	252619	385755	473627	512020	685280	157787	1426382	1233088	1883755	1969293	4183112	8059680	34223458	6988219	4250345	180272	1349115	54380	81178	0
FFQ	90	0	0	709100	0	0	23822	5215	124915	26091	30	49158	27076	31494	19336	5189	77448	19862	90266	161618	114601	327180	56583	54383	256552	390283	485396	488455	698651	144897	1439507	1222541	1892473	1984614	4203074	8188574	34827852	6855569	3779932	133062	1006140	32041	46953	0
FFQ	91	0	0	770624	0	0	23658	4884	123839	23659	25	49991	26535	31552	16745	4860	76780	19628	90960	162951	118753	327337	52967	47794	258033	396426	500583	465894	709915	132883	1452506	1221434	1904315	2003860	4235299	8344357	35338195	6672331	3292276	96396	719235	18409	27268	0
FFQ	92	0	0	837740	0	0	22335	4186	117691	21140	20	49323	25294	30525	14225	4206	76271	19818	90953	159668	121319	325347	48358	41120	260707	395652	514958	438693	720043	121511	1458469	1214046	1909011	2022080	4252531	8456771	35852690	6479282	2820135	66995	497508	11118	16617	0
FFQ	93	0	0	914491	0	0	21745	3683	114839	18774	25	47788	22995	29840	11849	3933	75839	19441	90487	159929	122990	321534	44008	36078	262064	400481	525840	413464	729367	111860	1466166	1208945	1915273	2039268	4268371	8576817	36274237	6250272	2361900	45150	329454	7023	10946	0
FFQ	94	0	0	1001374	0	0	20208	3128	106349	16527	19	45432	21290	27885	9619	3504	74257	18885	88128	154992	122863	314595	39380	30681	260045	398328	531371	381320	733002	101993	1459154	1199354	1906118	2044753	4271554	8645622	36690463	6018872	1950842	29389	209700	4650	7487	0
FFQ	95	0	0	1102446	0	0	17839	2574	96651	13907	9	42529	18704	6962	25952	2988	71203	18537	86784	151337	122410	304861	34233	26320	258872	396282	533842	349503	737000	93300	1452209	1194718	1901226	2047075	4289503	8716573	37072158	5759841	1577137	18607	129391	3233	4883	0
FFQ	96	0	0	1220817	0	0	16087	2115	88254	12030	16	39565	16594	6017	23193	2727	69800	18536	84778	150421	123999	296954	29392	23181	258124	397217	543893	322206	742125	85138	1453028	1188957	1902151	2057256	4284748	8792335	37300940	5488860	1251893	11277	77501	2183	3394	0
FFQ	97	0	0	1357795	0	0	12514	1536	72714	9165	12	32893	13323	4832	19112	2119	65732	17968	81835	144393	122669	283156	24487	20411	253818	389326	548220	292894	741199	77218	1440377	1183647	1892061	2058931	4290195	8841652	37484841	5209781	980876	7101	46029	1696	2335	0
FFQ	98	0	0	1509575	0	0	8185	942	51934	6135	4	25709	9860	3181	13339	1490	61345	17561	77693	140650	119585	267938	20101	18445	250296	386573	548293	263312	744150	69642	1427455	1182482	1889269	2063644	4304495	8901136	37653613	4914163	759132	4332	28795	1056	1764	0
FFQ	99	0	0	1675451	0	0	3073	355	25491	2702	5	12804	4613	1602	7214	759	58010	17573	72728	138159	116596	255895	16119	17166	246259	383204	551233	238171	744861	63908	1425254	1178673	1887117	2068589	4300602	8945459	37738157	4646374	589967	2712	18244	761	1222	0
FFQ	100	0	0	1832500	0	0	14	4	249	79	0	181	61	24	1020	179	55637	18014	70565	138437	114400	242506	12735	16626	242548	378669	551591	213295	746194	57285	1412054	1177696	1877954	2066122	4304845	8965270	37799886	4385289	460600	1885	12640	527	738	0
FFQ	101	0	0	2010481	0	0	0	0	0	0	0	0	0	0	0	0	88498	27179	103658	207129	176289	338841	14474	19016	315357	487571	736998	246970	906132	60904	1711718	1356130	2232243	2426692	4771729	10291892	34292925	3665600	355343	1441	7546	367	365	0
# Last Fragment Qualities. Use `grep ^LFQ | cut -f 2-` to extract this part.
# Columns correspond to qualities and rows to cycles. First column is the cycle number.
LFQ	1	0	0	30086	0	0	0	0	7036	0	0	258453	0	2860	0	0	2147	403810	0	1998	590	2996	0	62309	376734	3309	519498	893724	937007	1273228	59781	4945068	26857059	0	4759287	33563570	0	0	0	0	0	0	0	0
LFQ	2	0	0	6565	0	0	0	0	6505	0	0	216497	0	3176	0	0	2838	484723	0	1989	2200	3267	0	125103	318686	3267	564987	876941	1254697	1302736	47005	4518726	23998060	0	3852429	37370153	0	0	0	0	0	0	0	0
LFQ	3	0	0	3456	0	0	0	0	6833	0	0	222147	0	2845	0	0	4807	417558	0	2114	344	3469	0	128342	322238	3435	475414	901443	1373949	1155697	42012	4206611	23426402	0	2447787	39813647	0	0	0	0	0	0	0	0
LFQ	4	0	0	4354	0	0	0	0	6569	0	0	182863	0	2882	0	0	0	121564	54753	1935	206201	3086	0	95138	3886	3330	286453	363852	112481	629794	8991	975290	30179	1659904	2347641	0	17359502	0	50499902	0	0	0	0	0
LFQ	5	0	0	2582	0	0	0	0	6046	0	0	166544	0	2613	0	0	0	136768	48323	2085	145005	3401	0	113364	4168	3437	281941	408157	118874	592359	11334	1053817	33279	1647566	2312455	0	16905658	0	50960774	0	0	0	0	0
LFQ	6	0	0	4	0	0	0	115	1441	21661	0	101032	31633	451	2157	92	19771	25291	143496	53961	55628	540	11088	40081	99269	2776	292496	358038	104092	338397	216117	1006083	207986	1667722	1964744	280	15035723	1222122	51936263	0	0	0	0	0
LFQ	7	0	0	0	0	0	22	140	1347	22098	0	111360	36820	369	2295	129	15886	28725	147011	68699	62310	588	14253	43442	119212	2841	306680	396502	127999	337681	254644	1072769	185994	1764653	2042368	174	14804849	1231423	51757267	0	0	0	0	0
LFQ	8	0	0	0	0	0	56	85	1703	25268	0	122086	33322	361	2245	126	17999	33093	147438	72758	57436	663	16545	45427	120896	2795	323658	400314	149554	324923	252943	1096806	196312	1779529	2054391	369	14843834	1198728	51638887	0	0	0	0	0
LFQ	9	0	0	1	0	0	129	248	2003	28007	0	131771	31997	518	2438	163	21731	33652	159224	68699	53511	1136	16597	43962	114500	2968	322052	156665	406884	294629	224223	1050807	163665	1414920	1441041	922180	4876077	2937	8434278	4997961	49538976	0	0	0
LFQ	10	0	0	27	0	0	383	413	2026	33719	22	135655	34979	882	2478	309	29265	39163	176818	72623	53352	1747	20973	46670	123259	3421	329563	165236	512589	250486	239023	1081721	188530	1529081	1491902	1008986	5080514	4527	8822341	5042989	48434878	0	0	0
LFQ	11	0	0	17	0	0	535	427	2090	32732	110	121466	27879	916	2357	303	30140	37839	155409	67744	49404	2100	22090	47194	123862	4485	323503	169040	560971	153383	237665	1088041	197981	1494148	1493858	925738	5086609	3110	8705623	5366484	48425297	0	0	0
LFQ	12	0	0	16	0	0	721	321	2262	33092	174	135486	31954	1149	2523	325	29192	41861	168447	82612	54466	2897	25517	51969	137349	5508	341674	180900	665239	109908	257126	1136020	183666	1574284	1551600	963515	5177864	3495	8805367	5376058	47825993	0	0	0
LFQ	13	0	0	0	0	0	588	381	2390	32764	344	134391	30119	1159	2622	333	28918	38725	166606	76617	55515	2857	23009	50294	132727	6772	344055	170104	671435	87653	253298	1142699	179161	1549663	1561859	951113	5187890	3230	8780945	5350936	47939378	0	0	0
LFQ	14	0	0	6	0	0	511	572	2399	35266	617	141010	34427	1346	2756	564	7425	56081	174943	77763	61915	2879	24868	48815	59013	89039	349123	165717	682831	84131	254263	557364	741345	1132025	1580121	1069198	969235	3233191	2467588	7317801	4769341	14924829	33840232	0
LFQ	15	0	0	17	0	0	468	744	2324	35098	1015	130277	38856	1268	2756	684	8265	55828	164672	74614	65692	2827	26361	48545	62813	93766	351737	157439	684063	82170	269084	569036	767004	1114552	1630505	1033822	1008775	3242010	2407975	7419501	4560570	14962929	33882488	0
LFQ	16	0	0	0	0	0	638	806	2781	39465	1682	135075	35204	1618	2702	805	10234	61860	163783	80506	64342	3376	30162	50250	70290	98975	354942	173706	678589	89145	271544	585674	780734	1124296	1648884	1039513	1046911	3253888	2423775	7443986	4559071	14940217	33691121	0
LFQ	17	0	0	0	0	0	861	934	2852	40108	2493	134887	34364	1786	2790	987	12837	61768	164571	83621	63512	4172	32289	50988	72363	105276	357044	175867	684184	89749	274936	602624	785064	1138768	1665349	1064254	1071108	3274421	2473128	7510478	4622979	14966012	33331126	0
LFQ	18	0	0	0	0	0	775	1259	3455	43835	4092	143754	34489	1971	2975	1342	14925	65349	164341	90171	66556	4546	34963	52190	78521	117257	363545	188344	684506	93361	286523	627942	799549	1145339	1712992	1067959	1113164	3301184	2496293	7631201	4664442	15080768	32776672	0
LFQ	19	0	0	0	0	0	801	1645	3568	42480	5404	136107	33486	2249	3175	1539	16679	55820	19222	239103	65004	5324	35722	51754	80466	122762	353039	185368	679309	94906	280981	647394	790301	1138109	1100684	1700104	1139075	2826474	2658547	6557929	5605141	15365617	32915262	0
LFQ	20	0	0	1	0	0	821	1835	4000	44080	7846	134986	33731	2406	3313	1856	18721	58525	24170	230149	68551	5889	37596	51988	84555	136390	346343	189491	673484	98109	288183	665513	790223	1128825	1116113	1710130	1186569	2838130	2665891	6615265	5706140	15376511	32614221	0
LFQ	21	0	0	1	0	0	917	2191	4405	46688	11164	134150	34443	2732	3492	2246	21966	62138	30857	221871	72065	6657	40369	52458	91018	152808	344528	192827	673262	100456	293959	696829	797731	1123684	1140060	1719974	1235218	2851345	2680828	6677527	5825701	15348740	32263245	0
LFQ	22	0	0	14	0	0	1018	2565	5088	51664	14957	133976	34460	3018	3789	2678	25700	66880	37584	213333	75315	7617	44657	53454	99088	172502	339334	196286	672040	102142	301764	727628	810644	1114834	1162459	1732613	1292875	2864159	2702202	6749905	5927147	15343868	31871293	0
LFQ	23	0	0	0	0	0	1203	3162	6014	56728	19111	130047	32229	3570	4503	3265	30502	72526	45417	201434	76582	8850	49312	54792	107650	191193	331750	200785	662542	105464	305047	766123	819520	1107119	1184034	1737997	1353124	2872061	2731833	6825460	6036142	15306932	31516527	0
LFQ	24	0	0	0	0	0	1257	3921	6872	60719	24398	125027	29715	3991	4621	3982	34414	76247	53348	186093	78064	10523	54641	56168	114100	215478	319821	207832	648158	111241	311207	799632	829267	1088772	1210494	1739078	1420463	2876131	2745135	6970180	5904529	14851321	31783710	0
LFQ	25	0	0	0	0	0	1291	4569	7650	65334	30196	119561	26349	4375	5227	4672	38723	81171	60148	170973	78443	11976	60010	56909	121304	240498	309775	212230	629238	116232	317531	836363	837450	1062549	1235020	1734708	1496158	2869120	2750772	7037104	5909855	14998811	31418255	0
LFQ	26	0	0	0	0	0	1678	6450	9480	74177	41069	120873	23822	5347	5576	5808	44423	87269	66418	156002	80046	13716	64538	58458	126247	262769	298915	217385	608934	123702	322620	873831	843295	1041235	1269236	1724182	1579972	2867566	2767173	7109773	5860227	15193578	31004760	0
LFQ	27	0	0	0	0	0	1976	7466	11114	83315	51768	115098	20323	6057	6556	6996	52236	96801	74748	146327	82409	16317	72386	61862	132613	291163	297926	224387	596866	131990	329571	922111	856957	1026836	1307082	1726149	1672222	2875318	2780243	7197431	5797404	15341809	30538717	0
LFQ	28	0	0	4	0	0	2163	8866	13281	91235	63475	107441	15911	7131	7289	8283	58855	104288	77493	135260	85236	18484	80213	63994	139078	319718	300923	236696	583519	139650	339065	979037	880847	1011019	1355851	1737507	1779367	2883575	2805449	7334946	5746918	15535239	29903244	0
LFQ	29	0	0	0	0	0	2634	10067	15652	95951	75066	95110	11324	8072	8437	9721	66162	113047	78033	124953	85303	21285	86654	66382	143202	340859	304041	242973	561897	147764	343629	1038816	890686	982214	1402566	1741272	1894558	2876271	2842113	7433647	5742213	15656105	29401871	0
LFQ	30	0	0	0	0	0	2654	11792	18452	101110	87863	82721	7687	9261	9884	11321	71984	119351	74000	118345	88125	24099	85808	69720	156019	359692	307123	253313	542023	159252	350548	1081915	900770	955349	1448425	1729974	2007925	2853308	2850043	7551960	5653515	15792192	29013027	0
LFQ	31	0	0	5	0	0	2927	13645	21697	109188	105308	71801	5461	10711	11366	13338	80006	125600	67568	119019	92448	26826	94288	73670	159713	380193	316580	266305	528052	170799	366612	1129368	928880	930861	1510490	1732206	2135963	2844511	2868978	7703860	5530711	15894498	28517098	0
LFQ	32	0	0	17	0	0	3380	15667	24399	112089	116112	56681	4242	11948	13056	15919	87086	131258	58674	117538	92834	30348	100850	78151	165433	386726	328840	274457	505672	184075	369138	1179955	940243	902159	1557815	1722504	2266139	2806517	2904272	7791737	5479015	15910687	28214917	0
LFQ	33	0	0	44	0	0	3968	18286	30285	121476	136644	45934	4473	14392	15668	18578	98204	142173	50841	120579	95086	34960	109542	83460	172587	397053	344960	288611	490534	199595	378848	1227341	961009	885080	1619267	1722859	2401176	2786284	2940675	7922863	5380976	15879690	27816549	0
LFQ	34	0	0	122	0	0	4767	20235	33172	119709	143581	31062	4737	15767	17704	20855	104365	142760	41894	124296	98581	38044	118032	89720	179867	405567	356302	305882	478400	217167	392310	1264698	984710	872325	1685290	1727390	2545285	2754099	2979220	8039795	5319548	15903603	27379689	0
LFQ	35	0	0	225	0	0	5031	23171	38370	123878	156100	20905	5662	17527	19853	23956	111933	140624	35203	128797	102257	43063	121873	95600	189277	420892	359262	325349	474781	236873	404318	1300838	1013761	869903	1759463	1738209	2699319	2708833	3060815	8173850	5256495	15878646	26875638	0
LFQ	36	0	0	419	0	0	5336	26048	43807	124234	163413	13092	6420	19882	22773	27283	118667	137897	31767	132522	105117	48151	130437	102228	197248	431037	358826	342284	471316	258230	419422	1321691	1039454	879693	1830510	1745196	2848266	2682574	3110955	8274650	5248987	15875763	26364955	0
LFQ	37	0	0	587	0	0	6297	27776	48530	122931	164592	8179	7194	21746	25291	30046	126184	129837	29656	135148	106964	53127	137022	109312	205930	434347	352769	358923	465730	279876	428640	1337551	1058392	888191	1904770	1752227	2998316	2645485	3174878	8331939	5270822	15846063	25935282	0
LFQ	38	0	0	801	0	0	7113	32600	55858	128508	172913	5852	8430	24408	29332	34501	133551	123362	31337	142488	111994	59697	148097	119511	219644	449362	341201	382947	475955	306095	451084	1342861	1094684	915459	1988729	1771602	3145154	2635510	3219728	8385840	5270327	15810306	25383709	0
LFQ	39	0	0	1085	0	0	8653	35106	63433	129977	175870	5152	8989	27000	33589	37919	141968	115102	33605	146748	114062	65928	131606	124430	259098	455552	330223	403504	478978	332996	463574	1348419	1118628	939512	2066733	1796666	3295537	2617056	3278869	8142931	5594036	15735293	24902723	0
LFQ	40	0	0	1410	0	0	8714	37112	67637	126572	168038	5163	10801	28980	36889	41609	146809	103828	35717	148839	114429	73525	136350	134393	272644	459342	314988	422221	479873	361429	477740	1337971	1137245	966299	2138830	1814697	3434205	2608817	3344060	8145354	5643305	15695483	24479232	0
LFQ	41	0	0	1772	0	0	9948	41299	76822	128842	167102	6020	11707	31400	41906	46303	150909	93679	40135	154101	117448	79980	143869	143376	292190	466347	294898	448990	485310	393114	496194	1326915	1169437	997977	2213834	1850954	3563605	2617596	3397550	8149486	5639674	15610797	24059064	0
LFQ	42	0	0	2312	0	0	5772	25619	51372	89875	119458	5237	10379	26649	40258	37544	132753	72816	29616	116065	82244	76186	119746	135255	258900	390705	261064	392653	391752	395969	411984	1251101	1036047	909954	2137213	1681258	3749410	2286653	3512318	7158254	6438542	15021389	26096228	0
LFQ	43	0	0	2852	0	0	6331	26791	54121	86940	113544	4539	9698	26638	38807	38502	124642	61731	31084	115221	82979	73517	118357	133623	255697	377185	226417	390481	390462	391817	420937	1149624	1021435	920941	2101345	1663887	3901486	2329600	3398157	6916856	5943835	14669343	27341128	0
LFQ	44	0	0	3448	0	0	6806	28170	58321	86373	109139	4789	10179	27662	40835	41039	123552	54736	33087	118989	85108	76109	120737	136789	265714	375388	205425	403322	394039	410216	435681	1109070	1033288	934949	2119585	1690215	4070236	2380756	3409215	6731369	5651160	14235617	27939437	0
LFQ	45	0	0	4226	0	0	7260	29483	62714	86806	106687	5355	11386	28509	44723	41762	117249	41888	35607	107729	85140	120075	92557	139381	301704	375880	204637	421005	394744	438430	450873	1093083	1055851	959545	2162732	1738130	4257692	2439279	3476736	6597329	5505920	14037135	27881308	0
LFQ	46	0	0	5155	0	0	7981	31915	69601	90818	105866	5801	12496	30288	49250	45511	116672	36020	38517	111907	87996	128955	95214	147552	318774	377813	190343	442756	400187	465075	472431	1071913	1085072	991786	2207647	1812483	4429227	2527857	3556108	6513670	5529471	13831105	27519317	0
LFQ	47	0	0	6142	0	0	8915	33115	74882	92754	101646	6396	13880	32404	53536	48488	115676	31903	40758	116365	88781	140895	96042	157194	341053	379921	179095	466859	402072	500522	493130	1063544	1117564	1026135	2258037	1897366	4623694	2616957	3649578	6438819	5608808	13644180	26993444	0
LFQ	48	0	0	7377	0	0	9661	34812	79347	93812	96588	6981	14902	34193	58161	51171	112965	27922	43246	119790	88559	152878	97108	167064	359490	379153	168511	488185	403064	532763	514878	1049409	1153040	1056578	2303441	1990300	4839222	2716522	3752190	6359329	5695110	13444147	26458681	0
LFQ	49	0	0	8724	0	0	10843	35089	83013	95499	90504	7738	16551	36125	62347	52587	108150	25319	44678	123287	88492	165419	98163	176103	319469	411881	142361	508173	441800	565587	535967	1035240	1186955	1089993	2341952	2095817	5053926	2817835	3884146	5710316	6351424	13239013	25900064	0
LFQ	50	0	0	10306	0	0	11457	36567	90108	99750	87379	8481	17838	37453	67298	55413	103708	24127	47683	128651	89925	176493	99979	185859	335265	414738	133450	531262	446744	598843	559442	1029292	1224487	1125134	2386648	2205179	5323318	2917007	3997484	5629467	6405570	12997906	25320839	0
LFQ	51	0	0	11555	0	0	12295	37626	93873	101137	81352	9319	19564	38482	71563	56668	97655	23219	49396	133389	88538	188140	100424	194510	347882	411314	123149	551876	450216	631562	582164	1020624	1257360	1158657	2427687	2324244	5605052	3020539	4128303	5534703	6468060	12742181	24728961	0
LFQ	52	0	0	12850	0	0	13636	39155	99769	105503	76034	10346	20743	39962	76012	58728	90848	22814	51899	140364	89150	200352	102384	203887	362030	410921	116723	573738	455052	660143	607288	1010440	1297107	1195997	2455992	2459735	5917500	3125823	4234975	5430004	6531949	12474277	24110037	0
LFQ	53	0	0	14320	0	0	14550	37509	101930	104214	67607	11305	22254	41805	80272	59247	85804	22260	53163	142863	85173	213276	103398	212992	372162	405921	112487	594367	453182	692168	629117	1007875	1332225	1234493	2492352	2591747	6249572	3242500	4340414	5312700	6623433	12176417	23504306	0
LFQ	54	0	0	15732	0	0	15769	38811	108020	111707	63313	12207	23610	42161	83984	59937	80281	22714	55893	150914	85888	226242	105218	224041	387709	403941	109841	616537	464829	718873	659833	1001011	1377522	1276947	2537574	2741715	6610345	3371443	4422236	5215170	6681384	11865288	22804993	0
LFQ	55	0	0	17313	0	0	16865	39076	113242	114462	56594	13341	25447	36529	87448	66516	76372	21530	60003	156847	84243	224673	121792	232652	396976	281262	228918	637253	458950	750112	687488	1004757	1417112	1319502	2567734	2895567	6995516	3494726	4392974	5239215	6743526	11558925	22103507	0
LFQ	56	0	0	19123	0	0	19155	39626	119408	119028	51766	14636	27366	38296	91502	67722	73478	21408	62925	165589	83434	240928	125299	243891	412843	273932	237213	661604	465023	779295	719142	1012531	1462863	1363564	2619438	3053636	7379788	3625957	4510983	5130218	6811618	11229870	21304433	0
LFQ	57	0	0	20984	0	0	20396	39942	125305	122465	45322	16182	29269	38852	95250	68188	70073	21309	65288	172768	81420	254177	127426	256028	423125	266380	246682	684807	468912	802272	751098	1016715	1507212	1405249	2661840	3218872	7803096	3739368	4643372	5001358	6881321	10876792	20545147	0
LFQ	58	0	0	22883	0	0	22218	41145	134073	131301	41394	17511	31554	40858	100161	69168	69923	21862	68826	183283	81325	271186	131950	268344	436673	260358	256897	710181	479308	827911	785357	1031586	1559759	1449299	2721629	3381130	8264022	3852553	4765515	4872458	6940324	10505070	19698108	0
LFQ	59	0	0	24853	0	0	24518	44299	145317	141412	37982	20545	35021	42539	108409	60905	70593	21923	70572	201314	78714	247071	116358	344489	369434	226244	247577	871635	483555	858040	813089	1046907	1610371	1494158	2775981	3547594	8718210	3974110	4887628	4732188	6974464	10098589	18910887	0
LFQ	60	0	0	27123	0	0	25764	39445	143375	135191	28488	21774	35937	43389	110474	58192	71699	21537	71164	208686	74819	258693	117017	358045	368803	218160	255875	898834	488717	866324	842719	1061340	1650163	1537308	2839021	3711182	9230415	4095742	5016161	4593507	7022748	9720304	18138050	0
LFQ	61	0	0	29749	0	0	28338	40489	153127	141617	24249	23259	37862	43357	110692	54956	71567	22058	75618	222840	73867	271060	120171	375489	371602	213095	271317	937108	499369	886074	885115	1087751	1710160	1589072	2908768	3893915	9728609	4238422	5133916	4475205	7046348	9336810	17199887	0
LFQ	62	0	0	41985	0	0	30448	39398	160324	144018	19543	25459	39035	44046	113034	52655	73321	21294	78531	232710	70819	283471	120972	388081	369869	209598	282934	963606	507931	887132	918437	1106798	1753114	1633602	2964849	4079172	10260389	4369653	5251114	4319285	7085816	8937154	16377757	0
LFQ	63	0	0	57996	0	0	32689	40591	171622	153045	16255	27504	40201	45126	113111	49911	74724	21502	80782	241822	68516	294151	121723	401233	364789	207662	294860	990618	516802	885178	953212	1132280	1792043	1677258	3029095	4254794	10810276	4507463	5366598	4163396	7121792	8529713	15527045	0
LFQ	64	0	0	77530	0	0	34867	38365	176328	147955	11672	30514	42966	46414	117430	48546	78732	21263	86019	257409	66128	309374	124309	420457	367173	207898	312299	1024338	528332	891266	992658	1163308	1844746	1727988	3086945	4442516	11369396	4653959	5460676	4014503	7136619	8100682	14630117	0
LFQ	65	0	0	100957	0	0	36523	36777	179280	146839	8191	32774	44005	46272	114161	43407	72081	30710	88033	208074	118008	323353	125683	362702	429200	206448	325730	1026416	405894	879094	1193211	1200940	1891258	1776873	3165959	4610489	11966098	4799883	5569166	3835738	7175182	7661309	13761046	0
LFQ	66	0	0	128990	0	0	38343	35767	189165	145775	5781	34520	43609	46323	110297	40508	74134	31880	92467	215639	119782	333170	124179	371934	425919	208299	343257	1045372	411779	861813	1238191	1234451	1932384	1827686	3227287	4813323	12575400	4929564	5672364	3673622	7185335	7239393	12869511	0
LFQ	67	0	0	159917	0	0	39125	34614	192105	142335	3768	36527	44696	46761	109519	37891	76518	32000	94687	219055	119653	344002	124468	377623	424487	209038	356047	1061975	415954	842747	1278659	1267695	1967218	1868322	3308124	4979340	13232197	5076612	5761816	3492347	7217890	6801002	11992486	0
LFQ	68	0	0	195936	0	0	38050	30812	186114	132307	2038	37941	44608	45519	104663	33646	77647	30132	93242	213957	116841	345451	120110	371212	413961	205722	360257	1054205	408910	814344	1291356	1289840	1966551	1889830	3331241	5089381	14036962	5237597	5874274	3172951	7403014	6199663	11417181	0
LFQ	69	0	0	408655	0	0	41966	35069	210476	152975	1588	42867	48504	47627	108726	33920	83271	33602	101972	233655	127294	366926	124948	389507	424537	215801	390834	1100081	425311	808459	1347889	1326396	2007753	1930058	3359499	5215591	14727511	5354801	5913984	2982931	7305108	5638678	10494688	0
LFQ	70	0	0	323863	0	0	42071	32176	223010	139393	769	58935	93714	105353	113521	30662	86233	31298	103311	228806	122338	378911	125587	285622	336446	411431	391931	1103177	424365	789622	1365908	1367042	2012631	1950550	3413963	5339876	15503602	5487231	6021659	2770194	7328466	5175138	9728066	0
LFQ	71	0	0	351746	0	0	46129	30342	224112	135794	414	64272	100599	105384	109008	28682	91205	32771	109081	238983	124970	409956	123471	283918	334753	426235	409762	1124722	431750	759602	1411416	1405633	2035198	1983550	3491699	5491031	16205957	5610930	6101756	2579798	7272581	4717510	8923016	0
LFQ	72	0	0	389513	0	0	46980	28256	225908	128418	257	59904	75129	70931	103367	25925	95601	32268	115300	241927	126290	443278	120765	276348	336063	440109	425405	1153211	443633	725151	1445063	1438520	2052201	2013318	3568601	5661373	16934329	5748568	6210394	2380791	7226957	4279696	8114932	0
LFQ	73	0	0	437481	0	0	43781	24610	207346	114182	139	56526	61363	56506	96848	22266	93844	30496	112651	227490	123169	423445	115121	259987	329755	436779	424266	1129851	447618	685497	1447334	1467621	2032186	2022728	3612736	5740221	17915136	5917367	6333190	2085149	7310932	3767370	7465677	0
LFQ	74	0	0	483828	0	0	45968	23722	213969	110618	97	58335	61202	56191	90993	20699	97249	31991	113597	236149	124615	418461	113270	252449	328699	447558	441841	1123968	460299	651415	1478715	1494825	2033470	2040589	3667544	5860167	18760566	6033757	6438487	1896969	7196460	3323152	6715833	0
LFQ	75	0	0	538579	0	0	45544	21742	210393	102712	75	59568	59367	54072	86772	18490	100095	30620	114545	236283	126114	416941	112072	244213	321486	456205	456664	886643	683570	614231	1511084	1501762	2029039	2057834	3722537	5980936	19625966	6182387	6550413	1704774	7075275	2893183	5977110	0
LFQ	76	0	0	595673	0	0	45421	20009	210454	95637	64	60479	55487	50852	80417	17116	99421	31010	115815	237842	127708	418590	107902	229901	323567	463355	471011	870652	702284	576296	1535060	1519938	2026932	2078146	3787905	6127320	20474246	6308027	6635660	1531128	6905634	2506449	5218738	0
LFQ	77	0	0	658835	0	0	47364	19142	216989	92486	46	61561	49260	49674	75897	15788	103169	30987	118662	244845	132311	425254	105941	219882	325605	472953	491050	862444	719921	542293	1569093	1540475	2040289	2094871	3861095	6292632	21234771	6436010	6699440	1370373	6682380	2139659	4463186	0
LFQ	78	0	0	726523	0	0	48727	18233	226847	88219	35	64663	48352	50713	71480	14950	106875	32440	121968	254581	137375	434462	105675	209658	331267	490617	517130	859340	746473	512555	1617181	1564576	2064589	2128544	3930621	6500728	21910671	6554062	6703803	1221080	6386053	1810324	3732256	0
LFQ	79	0	0	797594	0	0	52114	18835	242460	90311	35	69296	49758	52088	70080	14339	110741	32804	124224	259301	143363	442352	102675	198314	335104	499908	537933	846779	765804	481937	1655357	1579654	2082356	2156862	4001262	6680353	22622937	6660109	6693670	1070471	6065749	1495786	3072584	0
LFQ	80	0	0	871366	0	0	51144	15496	229725	78923	83	71754	49618	53008	66330	12957	115199	33004	127535	258864	146320	449986	100261	185927	342780	512068	555160	831702	792254	451453	1686386	1595212	2098006	2181574	4084450	6850656	23345719	6764530	6666976	931553	5704177	1214711	2476757	0
LFQ	81	0	0	951289	0	0	50973	14465	231565	74407	49	72992	46500	51554	58741	11955	115151	32880	130179	260509	149674	451757	97341	170263	345636	521346	573459	817278	809430	421264	1714336	1605526	2107715	2202945	4133169	7017750	24114352	6869664	6597539	801596	5289193	961548	1954218	0
LFQ	82	0	0	1031228	0	0	52275	13415	230407	68421	37	73298	45634	52515	53383	10826	117754	32456	129943	262797	153202	455709	93575	156992	349697	526799	587593	797092	825852	389594	1736776	1610252	2123946	2220252	4189818	7190019	24880541	6953008	6473924	683098	4836270	742419	1501165	0
LFQ	83	0	0	1117387	0	0	52715	11956	233713	64767	32	76372	44290	53220	49302	10102	121078	33421	132783	265586	159471	460946	90720	144315	355344	537962	607278	782545	848213	362177	1765643	1609101	2141594	2241122	4235107	7381798	25580365	7012131	6294285	574358	4347473	559999	1114502	0
LFQ	84	0	0	1207227	0	0	53535	11128	236314	59704	29	76448	42019	53244	43661	9461	121542	34028	135329	268897	162023	459455	87587	130300	363320	544325	626673	758761	867182	336060	1787453	1617491	2158180	2262141	4280364	7548127	26295597	7048312	6076586	479099	3832740	407533	807264	0
LFQ	85	0	0	1300207	0	0	51877	9996	232141	54138	19	77845	40550	52044	39463	8267	121877	33511	136064	266964	165875	458317	83975	116937	365449	548705	640713	732105	882661	310328	1806869	1610622	2170907	2281396	4334477	7714616	27017923	7075082	5806171	391290	3305055	288526	564619	0
LFQ	86	0	0	1399437	0	0	53604	9526	240650	51595	30	79863	39188	53660	36064	7975	123450	34870	138540	274721	173213	464857	79948	105813	371875	559641	664195	713306	901132	288892	1834314	1609977	2188275	2301350	4373350	7880723	27645512	7050959	5481651	315627	2774495	195434	378059	0
LFQ	87	0	0	1502706	0	0	51826	8195	231275	46215	33	80704	37640	53138	31457	7315	125085	34576	139470	269725	176902	464587	75549	94157	377033	564152	677690	686372	919559	268883	1849135	1607605	2201531	2317680	4408251	8018912	28308735	7035015	5117461	247076	2276891	126904	244547	0
LFQ	88	0	0	1613265	0	0	52510	7399	235295	43479	23	81216	36326	53561	27576	6807	125867	34523	139895	274870	181766	465607	71573	85048	379846	572953	696826	659522	931239	249310	1866298	1599311	2211656	2332214	4429977	8157061	28922721	6967843	4716678	191571	1810546	79001	151737	0
LFQ	89	0	0	1732284	0	0	52818	7065	233200	40289	25	82029	34866	53658	24113	6273	127916	34759	139351	272885	188852	466082	67235	75128	383448	579269	718230	631952	946588	232851	1881916	1591049	2224719	2347231	4447413	8303106	29472312	6876018	4278388	144420	1398908	47048	91466	0
LFQ	90	0	0	1854396	0	0	50748	5996	220330	35717	30	81450	33053	51248	20541	5471	125832	34068	139807	266965	189950	459478	61649	65331	384062	579869	724766	597384	954483	215982	1879183	1579415	2218332	2362157	4458533	8403681	30107741	6771148	3829580	106504	1045780	27950	52492	0
LFQ	91	0	0	1989851	0	0	48133	5205	213344	32244	17	79422	30429	50332	17147	4927	124751	33681	138385	265704	192724	452103	55923	57886	386895	579875	737448	563339	964770	202194	1881676	1573160	2220310	2372112	4474525	8521616	30637985	6622901	3358740	76763	750974	16323	30723	0
LFQ	92	0	0	2136673	0	0	47486	4624	210950	29419	20	78929	28849	49516	14450	4518	125168	34559	138312	266971	197121	447481	51164	51055	388694	582754	753906	530210	976822	188673	1887037	1567985	2219908	2389483	4490469	8609666	31084898	6439870	2890832	53386	519406	9785	18622	0
LFQ	93	0	0	2296460	0	0	44153	3927	195316	25930	32	74381	25928	46870	11802	3860	120917	33686	135113	260051	198049	436081	45309	43863	386921	582860	762350	493619	982971	177310	1883372	1561621	2213262	2400243	4497058	8693568	31537335	6243822	2439731	36026	345673	6232	12111	0
LFQ	94	0	0	2471899	0	0	41584	3374	182825	23158	19	70988	23487	44888	9399	3481	118130	32843	132351	254093	196594	424429	39632	39298	383110	576724	766799	457999	982388	166744	1872096	1546992	2204718	2401831	4493794	8755403	31927101	6014744	2023666	23066	219699	4327	8113	0
LFQ	95	0	0	2673562	0	0	37258	2638	169162	20232	31	67518	20970	7627	41248	2880	115050	32612	129662	250045	197456	410488	34771	35208	381751	574377	772821	426032	987313	156475	1862253	1547191	2197080	2407701	4493316	8801708	32256476	5758371	1651290	14822	134498	3074	5181	0
LFQ	96	0	0	2898781	0	0	32978	2102	148811	17156	25	61368	18040	6304	36605	2455	109545	31616	125368	242927	195579	393661	29588	31074	376975	564551	776576	391445	983289	146867	1845654	1538796	2185330	2414524	4483522	8851511	32522501	5502892	1322269	8989	80714	2069	3674	0
LFQ	97	0	0	3159258	0	0	26611	1521	127924	13305	7	51722	14136	4912	30906	2048	103368	31544	121119	240488	192614	375301	25035	29063	373916	556582	782336	359797	983056	138513	1831173	1534643	2184125	2415488	4483009	8878560	32632035	5218978	1045519	5456	48666	1486	2601	0
LFQ	98	0	0	3454672	0	0	17365	905	89462	9075	10	38415	9679	3059	22457	1373	96157	30153	113835	230203	185640	352094	19826	26647	365023	550502	775505	326242	981316	130765	1814108	1536158	2174384	2422636	4480897	8913456	32784522	4927571	824906	3481	29752	1044	1938	0
LFQ	99	0	0	3781508	0	0	6602	356	45216	4030	5	20041	4567	1384	12719	767	90706	30315	105641	226465	175705	329785	15941	26058	354195	539196	765487	295915	974347	123310	1788324	1531115	2169449	2420924	4480253	8946594	32848129	4664933	651971	2274	18694	766	1355	0
LFQ	100	0	0	4137109	0	0	13	0	330	50	0	224	41	11	1648	164	91747	34324	106366	248232	177985	327566	13739	27875	360597	548417	793364	277687	998696	118010	1811053	1546328	2194181	2438971	4474609	9013872	32537185	4347653	512761	1566	12537	570	796	0
LFQ	101	0	0	4426078	0	0	0	0	0	0	0	0	0	0	0	0	147685	57737	158069	397975	272332	458872	16486	35872	465344	696200	1057287	320810	1195031	115820	2160831	1740356	2567202	2779500	4772625	10324931	28821988	3512704	340401	1350	7175	400	383	0
# GC Content of first fragments. Use `grep ^GCF | cut -f 2-` to extract this part.
GCF	0.25	12
GCF	1.01	5
GCF	2.01	1
GCF	3.02	25
GCF	4.02	36
GCF	5.03	45
GCF	6.03	73
GCF	7.04	78
GCF	8.04	133
GCF	8.79	165
GCF	9.30	166
GCF	9.80	322
GCF	10.30	329
GCF	10.80	448
GCF	11.31	451
GCF	11.81	825
GCF	12.31	839
GCF	12.81	1304
GCF	13.32	1306
GCF	13.82	2400
GCF	14.32	2423
GCF	14.82	4371
GCF	15.33	4438
GCF	15.83	8346
GCF	16.33	8487
GCF	16.83	15465
GCF	17.34	15651
GCF	17.84	26846
GCF	18.34	27002
GCF	18.84	46095
GCF	19.35	46484
GCF	19.85	73933
GCF	20.35	74488
GCF	20.85	112176
GCF	21.36	112919
GCF	21.86	162520
GCF	22.36	163547
GCF	22.86	229308
GCF	23.37	230797
GCF	23.87	307111
GCF	24.37	308901
GCF	24.87	402961
GCF	25.38	405113
GCF	25.88	512310
GCF	26.38	515101
GCF	26.88	628617
GCF	27.39	632001
GCF	27.89	748977
GCF	28.39	752693
GCF	28.89	880912
GCF	29.40	886024
GCF	29.90	1004951
GCF	30.40	1009977
GCF	30.90	1134467
GCF	31.41	1140599
GCF	31.91	1243093
GCF	32.41	1248520
GCF	32.91	1349717
GCF	33.42	1432675
GCF	33.92	1440233
GCF	34.42	1520310
GCF	34.92	1527159
GCF	35.43	1598095
GCF	35.93	1604767
GCF	36.43	1661141
GCF	36.93	1666678
GCF	37.44	1714016
GCF	37.94	1719390
GCF	38.44	1769687
GCF	38.94	1775456
GCF	39.45	1786885
GCF	39.95	1790301
GCF	40.45	1799618
GCF	40.95	1803900
GCF	41.46	1784311
GCF	41.96	1787097
GCF	42.46	1780612
GCF	42.96	1784231
GCF	43.47	1789850
GCF	43.97	1794813
GCF	44.47	1813702
GCF	44.97	1819280
GCF	45.48	1836656
GCF	45.98	1842384
GCF	46.48	1852192
GCF	46.98	1857494
GCF	47.49	1846323
GCF	47.99	1850496
GCF	48.49	1827230
GCF	48.99	1829252
GCF	49.50	1808116
GCF	50.00	1811101
GCF	50.50	1775310
GCF	51.01	1776696
GCF	51.51	1745067
GCF	52.01	1747104
GCF	52.51	1756675
GCF	53.02	1760656
GCF	53.52	1747742
GCF	54.02	1753373
GCF	54.52	1777186
GCF	55.03	1786770
GCF	55.53	1834349
GCF	56.03	1849060
GCF	56.53	1947619
GCF	57.04	1963373
GCF	57.54	2118517
GCF	58.04	2139600
GCF	58.54	2267563
GCF	59.05	2284870
GCF	59.55	2371439
GCF	60.05	2375776
GCF	60.55	2380393
GCF	61.06	2381425
GCF	61.56	2319543
GCF	62.06	2314272
GCF	62.56	2208911
GCF	63.07	2194185
GCF	63.57	2031229
GCF	64.07	2008216
GCF	64.57	1797821
GCF	65.08	1774442
GCF	65.58	1551613
GCF	66.08	1527729
GCF	66.58	1338037
GCF	67.09	1166431
GCF	67.59	1144472
GCF	68.09	997604
GCF	68.59	977931
GCF	69.10	807669
GCF	69.60	789572
GCF	70.10	644758
GCF	70.60	628009
GCF	71.11	492186
GCF	71.61	479508
GCF	72.11	383175
GCF	72.61	371547
GCF	73.12	284604
GCF	73.62	276941
GCF	74.12	221452
GCF	74.62	216033
GCF	75.13	168181
GCF	75.63	163958
GCF	76.13	128533
GCF	76.63	124891
GCF	77.14	95208
GCF	77.64	92979
GCF	78.14	69146
GCF	78.64	67102
GCF	79.15	47531
GCF	79.65	46092
GCF	80.15	31086
GCF	80.65	29802
GCF	81.16	18685
GCF	81.66	17913
GCF	82.16	10873
GCF	82.66	10328
GCF	83.17	5629
GCF	83.67	5223
GCF	84.17	2847
GCF	84.67	2552
GCF	85.18	1359
GCF	85.68	1164
GCF	86.18	683
GCF	86.68	586
GCF	87.19	383
GCF	87.69	321
GCF	88.19	211
GCF	88.69	180
GCF	89.20	132
GCF	89.70	117
GCF	90.20	85
GCF	90.70	76
GCF	91.21	69
GCF	91.71	63
GCF	92.21	46
GCF	92.71	45
GCF	93.22	33
GCF	93.72	34
GCF	94.22	18
GCF	94.72	17
GCF	95.23	30
GCF	95.73	31
GCF	96.48	15
GCF	97.49	9
GCF	98.49	7
GCF	99.50	9
# GC Content of last fragments. Use `grep ^GCL | cut -f 2-` to extract this part.
GCL	0.25	33
GCL	1.01	11
GCL	2.01	21
GCL	3.02	32
GCL	4.02	48
GCL	5.03	76
GCL	6.03	92
GCL	6.78	114
GCL	7.29	115
GCL	7.79	142
GCL	8.29	141
GCL	8.79	204
GCL	9.30	205
GCL	9.80	328
GCL	10.30	335
GCL	10.80	451
GCL	11.31	455
GCL	11.81	821
GCL	12.31	835
GCL	12.81	1242
GCL	13.32	1245
GCL	13.82	2395
GCL	14.32	2414
GCL	14.82	4256
GCL	15.33	4317
GCL	15.83	8158
GCL	16.33	8304
GCL	16.83	15043
GCL	17.34	15220
GCL	17.84	26045
GCL	18.34	26194
GCL	18.84	44726
GCL	19.35	45122
GCL	19.85	71677
GCL	20.35	72219
GCL	20.85	108217
GCL	21.36	108993
GCL	21.86	158180
GCL	22.36	159175
GCL	22.86	221376
GCL	23.37	222799
GCL	23.87	297252
GCL	24.37	299073
GCL	24.87	391116
GCL	25.38	393294
GCL	25.88	498670
GCL	26.38	501443
GCL	26.88	613328
GCL	27.39	616731
GCL	27.89	733108
GCL	28.39	736894
GCL	28.89	860095
GCL	29.40	865204
GCL	29.90	985305
GCL	30.40	990105
GCL	30.90	1114931
GCL	31.41	1120996
GCL	31.91	1224372
GCL	32.41	1229831
GCL	32.91	1334923
GCL	33.42	1415602
GCL	33.92	1423102
GCL	34.42	1508650
GCL	34.92	1515634
GCL	35.43	1587209
GCL	35.93	1593914
GCL	36.43	1653494
GCL	36.93	1659037
GCL	37.44	1707408
GCL	37.94	1712715
GCL	38.44	1764004
GCL	38.94	1769742
GCL	39.45	1786533
GCL	39.95	1789904
GCL	40.45	1802745
GCL	40.95	1807007
GCL	41.46	1790187
GCL	41.96	1792799
GCL	42.46	1786361
GCL	42.96	1790167
GCL	43.47	1794430
GCL	43.97	1799278
GCL	44.47	1820608
GCL	44.97	1826416
GCL	45.48	1843631
GCL	45.98	1849344
GCL	46.48	1858733
GCL	46.98	1864399
GCL	47.49	1855332
GCL	47.99	1859561
GCL	48.49	1833680
GCL	48.99	1835716
GCL	49.50	1815377
GCL	50.00	1818335
GCL	50.50	1784441
GCL	51.01	1785434
GCL	51.51	1752135
GCL	52.01	1753995
GCL	52.51	1762265
GCL	53.02	1766217
GCL	53.52	1751265
GCL	54.02	1756927
GCL	54.52	1779565
GCL	55.03	1789248
GCL	55.53	1835885
GCL	56.03	1850619
GCL	56.53	1943953
GCL	57.04	1959666
GCL	57.54	2119256
GCL	58.04	2139662
GCL	58.54	2258381
GCL	59.05	2275587
GCL	59.55	2372992
GCL	60.05	2377850
GCL	60.55	2389241
GCL	61.06	2390787
GCL	61.56	2324369
GCL	62.06	2319860
GCL	62.56	2217811
GCL	63.07	2203470
GCL	63.57	2042784
GCL	64.07	2019303
GCL	64.57	1816368
GCL	65.08	1792804
GCL	65.58	1561572
GCL	66.08	1537504
GCL	66.58	1350320
GCL	67.09	1177924
GCL	67.59	1156059
GCL	68.09	1005335
GCL	68.59	985727
GCL	69.10	812063
GCL	69.60	793660
GCL	70.10	652174
GCL	70.60	635082
GCL	71.11	499409
GCL	71.61	486618
GCL	72.11	389182
GCL	72.61	377716
GCL	73.12	291346
GCL	73.62	283485
GCL	74.12	227041
GCL	74.62	221629
GCL	75.13	171544
GCL	75.63	167201
GCL	76.13	131905
GCL	76.63	128131
GCL	77.14	99145
GCL	77.64	96825
GCL	78.14	71609
GCL	78.64	69629
GCL	79.15	50400
GCL	79.65	48916
GCL	80.15	34036
GCL	80.65	32661
GCL	81.16	21102
GCL	81.66	20308
GCL	82.16	12643
GCL	82.66	12070
GCL	83.17	7277
GCL	83.67	6888
GCL	84.17	4068
GCL	84.67	3730
GCL	85.18	2235
GCL	85.68	2045
GCL	86.18	1196
GCL	86.68	1093
GCL	87.19	691
GCL	87.69	624
GCL	88.19	441
GCL	88.69	398
GCL	89.20	278
GCL	89.70	256
GCL	90.20	203
GCL	90.70	187
GCL	91.21	129
GCL	91.71	126
GCL	92.21	114
GCL	92.71	112
GCL	93.47	70
GCL	94.47	61
GCL	95.48	65
GCL	96.48	48
GCL	97.49	28
GCL	98.49	22
GCL	99.50	29
# ACGT content per cycle. Use `grep ^GCC | cut -f 2-` to extract this part. The columns are: cycle; A,C,G,T base counts as a percentage of all A/C/G/T bases [%]; and N and O counts as a percentage of all A/C/G/T bases [%]
GCC	1	13.84	36.12	36.17	13.87	0.02	0.00
GCC	2	26.30	23.72	23.76	26.22	0.00	0.00
GCC	3	23.83	26.13	26.17	23.87	0.00	0.00
GCC	4	23.95	25.98	26.05	24.02	0.01	0.00
GCC	5	33.67	16.25	16.28	33.80	0.00	0.00
GCC	6	24.03	25.88	26.00	24.09	0.00	0.00
GCC	7	23.71	26.25	26.30	23.74	0.00	0.00
GCC	8	25.48	24.54	24.57	25.41	0.00	0.00
GCC	9	15.93	34.02	34.03	16.01	0.00	0.00
GCC	10	30.28	19.72	19.75	30.25	0.00	0.00
GCC	11	21.53	28.41	28.48	21.58	0.00	0.00
GCC	12	26.05	23.93	23.93	26.09	0.00	0.00
GCC	13	22.01	27.98	28.04	21.97	0.00	0.00
GCC	14	22.29	27.71	27.71	22.29	0.00	0.00
GCC	15	24.70	25.28	25.31	24.71	0.00	0.00
GCC	16	25.18	24.76	24.80	25.26	0.00	0.00
GCC	17	26.03	23.96	23.97	26.03	0.00	0.00
GCC	18	25.95	24.02	24.07	25.96	0.00	0.00
GCC	19	25.66	24.26	24.31	25.77	0.01	0.00
GCC	20	25.62	24.39	24.39	25.60	0.00	0.00
GCC	21	25.49	24.51	24.52	25.48	0.00	0.00
GCC	22	25.44	24.50	24.59	25.47	0.00	0.00
GCC	23	25.41	24.53	24.62	25.44	0.00	0.00
GCC	24	25.43	24.53	24.58	25.46	0.00	0.00
GCC	25	25.38	24.66	24.67	25.29	0.00	0.00
GCC	26	25.55	24.41	24.47	25.57	0.00	0.00
GCC	27	25.49	24.50	24.54	25.47	0.00	0.00
GCC	28	25.49	24.48	24.48	25.54	0.00	0.00
GCC	29	25.60	24.36	24.38	25.66	0.00	0.00
GCC	30	25.53	24.45	24.46	25.57	0.00	0.00
GCC	31	25.47	24.48	24.52	25.54	0.00	0.00
GCC	32	25.66	24.30	24.35	25.69	0.00	0.00
GCC	33	25.51	24.43	24.46	25.59	0.00	0.00
GCC	34	25.55	24.39	24.45	25.61	0.00	0.00
GCC	35	25.61	24.36	24.39	25.63	0.00	0.00
GCC	36	25.64	24.30	24.37	25.69	0.00	0.00
GCC	37	25.55	24.45	24.43	25.57	0.00	0.00
GCC	38	25.67	24.29	24.35	25.69	0.00	0.00
GCC	39	25.60	24.40	24.36	25.64	0.00	0.00
GCC	40	25.56	24.41	24.43	25.60	0.00	0.00
GCC	41	25.68	24.29	24.34	25.69	0.00	0.00
GCC	42	25.65	24.34	24.39	25.62	0.00	0.00
GCC	43	25.57	24.42	24.46	25.54	0.00	0.00
GCC	44	25.60	24.33	24.37	25.70	0.00	0.00
GCC	45	25.54	24.38	24.44	25.64	0.00	0.00
GCC	46	25.60	24.37	24.34	25.69	0.00	0.00
GCC	47	25.70	24.27	24.31	25.73	0.00	0.00
GCC	48	25.66	24.32	24.33	25.69	0.00	0.00
GCC	49	25.63	24.35	24.35	25.68	0.00	0.00
GCC	50	25.68	24.30	24.31	25.72	0.00	0.00
GCC	51	25.57	24.39	24.41	25.63	0.00	0.00
GCC	52	25.58	24.36	24.43	25.63	0.00	0.00
GCC	53	25.68	24.35	24.30	25.67	0.00	0.00
GCC	54	25.64	24.38	24.36	25.62	0.00	0.00
GCC	55	25.57	24.39	24.44	25.60	0.00	0.00
GCC	56	25.68	24.31	24.33	25.68	0.00	0.00
GCC	57	25.59	24.36	24.39	25.66	0.00	0.00
GCC	58	25.61	24.37	24.37	25.66	0.00	0.00
GCC	59	25.68	24.30	24.34	25.69	0.00	0.00
GCC	60	25.65	24.32	24.33	25.69	0.00	0.00
GCC	61	25.58	24.37	24.40	25.64	0.00	0.00
GCC	62	25.67	24.33	24.33	25.68	0.00	0.00
GCC	63	25.62	24.36	24.33	25.70	0.00	0.00
GCC	64	25.56	24.45	24.41	25.58	0.00	0.00
GCC	65	25.67	24.26	24.35	25.72	0.00	0.00
GCC	66	25.58	24.40	24.41	25.61	0.00	0.00
GCC	67	25.61	24.33	24.37	25.68	0.00	0.00
GCC	68	25.68	24.23	24.32	25.76	0.00	0.00
GCC	69	25.61	24.32	24.42	25.65	0.12	0.00
GCC	70	25.55	24.42	24.44	25.58	0.03	0.00
GCC	71	25.61	24.34	24.39	25.66	0.02	0.00
GCC	72	25.66	24.36	24.30	25.68	0.01	0.00
GCC	73	25.58	24.37	24.40	25.64	0.01	0.00
GCC	74	25.64	24.32	24.34	25.71	0.00	0.00
GCC	75	25.61	24.31	24.36	25.72	0.00	0.00
GCC	76	25.57	24.41	24.39	25.62	0.00	0.00
GCC	77	25.70	24.26	24.27	25.77	0.00	0.00
GCC	78	25.64	24.33	24.36	25.67	0.00	0.00
GCC	79	25.61	24.36	24.37	25.66	0.00	0.00
GCC	80	25.71	24.30	24.31	25.68	0.00	0.00
GCC	81	25.64	24.32	24.37	25.67	0.00	0.00
GCC	82	25.69	24.30	24.32	25.70	0.00	0.00
GCC	83	25.69	24.26	24.33	25.72	0.00	0.00
GCC	84	25.72	24.28	24.25	25.75	0.00	0.00
GCC	85	25.61	24.44	24.33	25.62	0.00	0.00
GCC	86	25.70	24.29	24.30	25.71	0.00	0.00
GCC	87	25.68	24.34	24.31	25.66	0.00	0.00
GCC	88	25.61	24.34	24.36	25.68	0.00	0.00
GCC	89	25.73	24.23	24.29	25.75	0.00	0.00
GCC	90	25.68	24.30	24.32	25.70	0.00	0.00
GCC	91	25.64	24.32	24.36	25.68	0.00	0.00
GCC	92	25.76	24.23	24.27	25.74	0.00	0.00
GCC	93	25.60	24.36	24.39	25.65	0.00	0.00
GCC	94	25.68	24.30	24.26	25.76	0.00	0.00
GCC	95	25.70	24.24	24.31	25.75	0.00	0.00
GCC	96	25.72	24.25	24.30	25.73	0.00	0.00
GCC	97	25.69	24.32	24.31	25.68	0.00	0.00
GCC	98	25.68	24.25	24.35	25.72	0.00	0.00
GCC	99	25.69	24.28	24.28	25.75	0.00	0.00
GCC	100	25.65	24.28	24.38	25.69	0.06	0.00
GCC	101	25.78	24.22	24.24	25.77	0.11	0.00
# ACGT content per cycle, read oriented. Use `grep ^GCT | cut -f 2-` to extract this part. The columns are: cycle; A,C,G,T base counts as a percentage of all A/C/G/T bases [%]
GCT	1	16.70	28.04	44.25	11.01
GCT	2	18.61	29.82	17.67	33.91
GCT	3	19.96	33.24	19.07	27.73
GCT	4	13.94	38.75	13.28	34.03
GCT	5	33.56	16.58	15.96	33.90
GCT	6	33.03	14.73	37.15	15.09
GCT	7	28.28	20.03	32.52	19.17
GCT	8	32.43	20.61	28.49	18.47
GCT	9	14.17	42.42	25.63	17.78
GCT	10	26.63	25.04	14.42	33.91
GCT	11	20.80	20.40	36.50	22.30
GCT	12	22.65	24.40	23.47	29.49
GCT	13	19.24	26.77	29.25	24.74
GCT	14	18.82	33.76	21.67	25.75
GCT	15	27.49	26.36	24.23	21.92
GCT	16	26.67	25.17	24.39	23.78
GCT	17	26.32	24.46	23.48	25.74
GCT	18	25.98	24.03	24.06	25.93
GCT	19	25.54	24.39	24.18	25.89
GCT	20	25.33	24.69	24.09	25.89
GCT	21	25.09	25.07	23.95	25.89
GCT	22	25.02	25.10	24.00	25.89
GCT	23	25.07	25.11	24.04	25.78
GCT	24	24.99	25.06	24.05	25.90
GCT	25	24.96	25.14	24.18	25.71
GCT	26	25.16	24.98	23.90	25.96
GCT	27	25.12	25.00	24.04	25.84
GCT	28	25.08	24.83	24.14	25.96
GCT	29	25.26	24.84	23.90	25.99
GCT	30	25.25	24.93	23.98	25.84
GCT	31	25.30	24.88	24.11	25.70
GCT	32	25.35	24.78	23.88	26.00
GCT	33	25.15	24.87	24.02	25.95
GCT	34	25.10	24.91	23.93	26.06
GCT	35	25.17	24.91	23.84	26.07
GCT	36	25.35	24.69	23.99	25.97
GCT	37	25.27	24.75	24.14	25.84
GCT	38	25.40	24.63	24.02	25.96
GCT	39	25.35	24.63	24.13	25.88
GCT	40	25.25	24.83	24.01	25.91
GCT	41	25.37	24.67	23.96	26.00
GCT	42	25.36	24.76	23.96	25.92
GCT	43	25.21	24.76	24.12	25.91
GCT	44	25.41	24.64	24.06	25.89
GCT	45	25.31	24.80	24.01	25.87
GCT	46	25.44	24.65	24.05	25.86
GCT	47	25.51	24.63	23.94	25.92
GCT	48	25.41	24.68	23.98	25.93
GCT	49	25.36	24.64	24.06	25.94
GCT	50	25.42	24.52	24.08	25.97
GCT	51	25.34	24.66	24.14	25.86
GCT	52	25.40	24.64	24.15	25.81
GCT	53	25.44	24.59	24.06	25.91
GCT	54	25.47	24.52	24.22	25.79
GCT	55	25.44	24.61	24.22	25.73
GCT	56	25.55	24.46	24.17	25.81
GCT	57	25.42	24.57	24.18	25.83
GCT	58	25.35	24.67	24.06	25.92
GCT	59	25.46	24.58	24.05	25.90
GCT	60	25.50	24.44	24.21	25.84
GCT	61	25.48	24.45	24.32	25.74
GCT	62	25.62	24.45	24.21	25.73
GCT	63	25.55	24.47	24.22	25.76
GCT	64	25.44	24.52	24.34	25.70
GCT	65	25.46	24.45	24.16	25.93
GCT	66	25.48	24.59	24.22	25.71
GCT	67	25.52	24.49	24.22	25.77
GCT	68	25.65	24.31	24.24	25.80
GCT	69	25.60	24.35	24.39	25.66
GCT	70	25.51	24.39	24.47	25.62
GCT	71	25.65	24.43	24.30	25.62
GCT	72	25.66	24.35	24.31	25.68
GCT	73	25.60	24.39	24.39	25.62
GCT	74	25.74	24.35	24.30	25.60
GCT	75	25.71	24.30	24.36	25.62
GCT	76	25.66	24.38	24.43	25.53
GCT	77	25.76	24.27	24.26	25.71
GCT	78	25.71	24.27	24.42	25.60
GCT	79	25.67	24.31	24.43	25.60
GCT	80	25.74	24.23	24.39	25.64
GCT	81	25.66	24.30	24.39	25.66
GCT	82	25.75	24.25	24.36	25.63
GCT	83	25.81	24.24	24.35	25.60
GCT	84	25.91	24.13	24.40	25.56
GCT	85	25.73	24.22	24.55	25.50
GCT	86	25.80	24.17	24.42	25.61
GCT	87	25.80	24.15	24.51	25.55
GCT	88	25.74	24.21	24.50	25.55
GCT	89	25.88	24.17	24.35	25.60
GCT	90	25.88	24.12	24.50	25.50
GCT	91	25.88	24.17	24.51	25.44
GCT	92	25.97	24.05	24.46	25.52
GCT	93	25.80	24.16	24.59	25.46
GCT	94	25.89	24.12	24.44	25.55
GCT	95	25.91	24.06	24.50	25.53
GCT	96	25.90	24.08	24.47	25.55
GCT	97	25.94	24.01	24.62	25.42
GCT	98	25.95	24.09	24.51	25.46
GCT	99	26.01	24.12	24.45	25.43
GCT	100	25.89	24.06	24.60	25.45
GCT	101	26.03	23.97	24.49	25.52
# ACGT content per cycle for first fragments. Use `grep ^FBC | cut -f 2-` to extract this part. The columns are: cycle; A,C,G,T base counts as a percentage of all A/C/G/T bases [%]; and N and O counts as a percentage of all A/C/G/T bases [%]
FBC	1	14.37	35.58	35.65	14.40	0.00	0.00
FBC	2	26.34	23.69	23.72	26.25	0.00	0.00
FBC	3	24.29	25.66	25.71	24.34	0.00	0.00
FBC	4	24.21	25.73	25.78	24.28	0.01	0.00
FBC	5	33.73	16.20	16.23	33.84	0.00	0.00
FBC	6	24.08	25.83	25.94	24.14	0.00	0.00
FBC	7	23.70	26.26	26.31	23.74	0.00	0.00
FBC	8	25.51	24.51	24.54	25.44	0.00	0.00
FBC	9	15.82	34.14	34.14	15.90	0.00	0.00
FBC	10	30.39	19.61	19.65	30.35	0.00	0.00
FBC	11	21.48	28.46	28.53	21.52	0.00	0.00
FBC	12	26.08	23.90	23.90	26.12	0.00	0.00
FBC	13	22.01	27.98	28.04	21.97	0.00	0.00
FBC	14	22.27	27.73	27.73	22.27	0.00	0.00
FBC	15	24.72	25.25	25.28	24.74	0.00	0.00
FBC	16	25.22	24.72	24.76	25.29	0.00	0.00
FBC	17	26.05	23.94	23.96	26.05	0.00	0.00
FBC	18	25.98	23.99	24.05	25.98	0.00	0.00
FBC	19	25.69	24.23	24.28	25.80	0.02	0.00
FBC	20	25.63	24.38	24.38	25.61	0.00	0.00
FBC	21	25.51	24.48	24.50	25.51	0.00	0.00
FBC	22	25.46	24.48	24.57	25.49	0.00	0.00
FBC	23	25.43	24.52	24.61	25.45	0.00	0.00
FBC	24	25.46	24.51	24.55	25.48	0.00	0.00
FBC	25	25.41	24.63	24.65	25.31	0.00	0.00
FBC	26	25.57	24.40	24.45	25.58	0.00	0.00
FBC	27	25.52	24.48	24.52	25.48	0.00	0.00
FBC	28	25.52	24.45	24.47	25.57	0.00	0.00
FBC	29	25.60	24.36	24.38	25.66	0.00	0.00
FBC	30	25.54	24.43	24.44	25.59	0.01	0.00
FBC	31	25.49	24.45	24.49	25.57	0.00	0.00
FBC	32	25.66	24.30	24.34	25.69	0.00	0.00
FBC	33	25.53	24.41	24.44	25.61	0.00	0.00
FBC	34	25.57	24.36	24.43	25.64	0.00	0.00
FBC	35	25.62	24.36	24.39	25.64	0.00	0.00
FBC	36	25.66	24.28	24.35	25.71	0.00	0.00
FBC	37	25.57	24.42	24.41	25.59	0.00	0.00
FBC	38	25.67	24.28	24.35	25.70	0.00	0.00
FBC	39	25.61	24.39	24.35	25.64	0.00	0.00
FBC	40	25.58	24.38	24.41	25.63	0.00	0.00
FBC	41	25.68	24.29	24.34	25.69	0.00	0.00
FBC	42	25.66	24.32	24.38	25.64	0.00	0.00
FBC	43	25.59	24.41	24.44	25.57	0.00	0.00
FBC	44	25.60	24.32	24.37	25.70	0.00	0.00
FBC	45	25.56	24.35	24.43	25.66	0.00	0.00
FBC	46	25.63	24.33	24.32	25.72	0.00	0.00
FBC	47	25.70	24.26	24.30	25.73	0.00	0.00
FBC	48	25.68	24.31	24.32	25.70	0.00	0.00
FBC	49	25.64	24.32	24.33	25.70	0.00	0.00
FBC	50	25.68	24.29	24.30	25.72	0.00	0.00
FBC	51	25.57	24.38	24.41	25.64	0.00	0.00
FBC	52	25.60	24.34	24.42	25.65	0.00	0.00
FBC	53	25.68	24.34	24.31	25.67	0.00	0.00
FBC	54	25.65	24.37	24.35	25.63	0.00	0.00
FBC	55	25.58	24.38	24.43	25.61	0.00	0.00
FBC	56	25.68	24.31	24.33	25.68	0.00	0.00
FBC	57	25.60	24.35	24.38	25.67	0.00	0.00
FBC	58	25.62	24.35	24.35	25.68	0.00	0.00
FBC	59	25.68	24.29	24.33	25.70	0.00	0.00
FBC	60	25.67	24.32	24.31	25.70	0.00	0.00
FBC	61	25.59	24.37	24.39	25.65	0.00	0.00
FBC	62	25.67	24.34	24.32	25.68	0.00	0.00
FBC	63	25.62	24.35	24.32	25.70	0.00	0.00
FBC	64	25.58	24.42	24.39	25.61	0.00	0.00
FBC	65	25.68	24.26	24.34	25.72	0.00	0.00
FBC	66	25.59	24.39	24.39	25.63	0.00	0.00
FBC	67	25.62	24.32	24.36	25.70	0.00	0.00
FBC	68	25.69	24.23	24.32	25.77	0.00	0.00
FBC	69	25.62	24.31	24.41	25.66	0.00	0.00
FBC	70	25.58	24.41	24.42	25.59	0.00	0.00
FBC	71	25.60	24.34	24.39	25.66	0.00	0.00
FBC	72	25.67	24.36	24.29	25.69	0.00	0.00
FBC	73	25.59	24.36	24.39	25.66	0.00	0.00
FBC	74	25.64	24.32	24.33	25.71	0.00	0.00
FBC	75	25.63	24.30	24.34	25.73	0.00	0.00
FBC	76	25.59	24.39	24.38	25.64	0.00	0.00
FBC	77	25.71	24.26	24.26	25.77	0.00	0.00
FBC	78	25.65	24.32	24.34	25.69	0.00	0.00
FBC	79	25.63	24.33	24.36	25.68	0.00	0.00
FBC	80	25.71	24.30	24.31	25.68	0.00	0.00
FBC	81	25.64	24.31	24.37	25.68	0.00	0.00
FBC	82	25.71	24.28	24.29	25.72	0.00	0.00
FBC	83	25.70	24.26	24.32	25.72	0.00	0.00
FBC	84	25.75	24.27	24.23	25.75	0.00	0.00
FBC	85	25.62	24.42	24.31	25.64	0.00	0.00
FBC	86	25.70	24.28	24.29	25.73	0.00	0.00
FBC	87	25.69	24.33	24.30	25.68	0.00	0.00
FBC	88	25.64	24.32	24.33	25.71	0.00	0.00
FBC	89	25.74	24.21	24.29	25.76	0.00	0.00
FBC	90	25.70	24.28	24.31	25.71	0.00	0.00
FBC	91	25.66	24.30	24.34	25.70	0.00	0.00
FBC	92	25.77	24.22	24.26	25.74	0.00	0.00
FBC	93	25.61	24.35	24.37	25.67	0.00	0.00
FBC	94	25.70	24.28	24.24	25.78	0.00	0.00
FBC	95	25.71	24.23	24.30	25.76	0.00	0.00
FBC	96	25.74	24.24	24.27	25.75	0.00	0.00
FBC	97	25.71	24.30	24.29	25.71	0.00	0.00
FBC	98	25.69	24.24	24.34	25.74	0.00	0.00
FBC	99	25.71	24.26	24.27	25.77	0.00	0.00
FBC	100	25.67	24.26	24.35	25.72	0.00	0.00
FBC	101	25.81	24.19	24.20	25.79	0.10	0.00
# ACGT raw counters for first fragments. Use `grep ^FTC | cut -f 2-` to extract this part. The columns are: A,C,G,T,N base counters
FTC	1883597280	1825437665	1827540734	1885934581	113803
# ACGT content per cycle for last fragments. Use `grep ^LBC | cut -f 2-` to extract this part. The columns are: cycle; A,C,G,T base counts as a percentage of all A/C/G/T bases [%]; and N and O counts as a percentage of all A/C/G/T bases [%]
LBC	1	13.31	36.65	36.70	13.34	0.04	0.00
LBC	2	26.26	23.75	23.80	26.19	0.01	0.00
LBC	3	23.36	26.61	26.63	23.40	0.00	0.00
LBC	4	23.70	26.24	26.31	23.76	0.01	0.00
LBC	5	33.61	16.31	16.34	33.75	0.00	0.00
LBC	6	23.98	25.94	26.06	24.03	0.00	0.00
LBC	7	23.71	26.24	26.29	23.75	0.00	0.00
LBC	8	25.45	24.56	24.60	25.38	0.00	0.00
LBC	9	16.05	33.91	33.92	16.13	0.00	0.00
LBC	10	30.18	19.82	19.84	30.16	0.00	0.00
LBC	11	21.58	28.36	28.43	21.63	0.00	0.00
LBC	12	26.01	23.96	23.97	26.07	0.00	0.00
LBC	13	22.01	27.98	28.04	21.97	0.00	0.00
LBC	14	22.31	27.70	27.70	22.30	0.00	0.00
LBC	15	24.68	25.30	25.34	24.68	0.00	0.00
LBC	16	25.14	24.80	24.83	25.23	0.00	0.00
LBC	17	26.02	23.99	23.99	26.01	0.00	0.00
LBC	18	25.93	24.05	24.09	25.94	0.00	0.00
LBC	19	25.62	24.29	24.34	25.75	0.00	0.00
LBC	20	25.61	24.40	24.39	25.60	0.00	0.00
LBC	21	25.48	24.53	24.54	25.46	0.00	0.00
LBC	22	25.41	24.53	24.62	25.44	0.00	0.00
LBC	23	25.40	24.55	24.63	25.42	0.00	0.00
LBC	24	25.40	24.55	24.61	25.44	0.00	0.00
LBC	25	25.36	24.69	24.68	25.27	0.00	0.00
LBC	26	25.52	24.42	24.48	25.57	0.00	0.00
LBC	27	25.47	24.52	24.55	25.46	0.00	0.00
LBC	28	25.46	24.52	24.50	25.52	0.00	0.00
LBC	29	25.59	24.37	24.38	25.66	0.00	0.00
LBC	30	25.51	24.47	24.48	25.54	0.00	0.00
LBC	31	25.44	24.50	24.54	25.51	0.00	0.00
LBC	32	25.65	24.29	24.37	25.69	0.00	0.00
LBC	33	25.49	24.45	24.48	25.57	0.00	0.00
LBC	34	25.53	24.42	24.47	25.58	0.00	0.00
LBC	35	25.61	24.37	24.39	25.63	0.00	0.00
LBC	36	25.61	24.33	24.39	25.67	0.00	0.00
LBC	37	25.52	24.48	24.45	25.54	0.00	0.00
LBC	38	25.67	24.30	24.36	25.68	0.00	0.00
LBC	39	25.59	24.42	24.36	25.63	0.00	0.00
LBC	40	25.54	24.44	24.45	25.57	0.00	0.00
LBC	41	25.68	24.29	24.34	25.69	0.00	0.00
LBC	42	25.65	24.35	24.39	25.61	0.00	0.00
LBC	43	25.55	24.44	24.49	25.52	0.00	0.00
LBC	44	25.59	24.35	24.36	25.70	0.00	0.00
LBC	45	25.52	24.40	24.45	25.63	0.00	0.00
LBC	46	25.58	24.40	24.36	25.67	0.00	0.00
LBC	47	25.70	24.27	24.31	25.72	0.00	0.00
LBC	48	25.64	24.34	24.35	25.68	0.00	0.00
LBC	49	25.61	24.37	24.37	25.65	0.00	0.00
LBC	50	25.68	24.30	24.31	25.71	0.00	0.00
LBC	51	25.56	24.40	24.42	25.62	0.00	0.00
LBC	52	25.56	24.37	24.45	25.62	0.00	0.00
LBC	53	25.67	24.35	24.30	25.68	0.00	0.00
LBC	54	25.63	24.40	24.37	25.60	0.00	0.00
LBC	55	25.56	24.41	24.45	25.59	0.00	0.00
LBC	56	25.68	24.31	24.33	25.68	0.00	0.00
LBC	57	25.58	24.38	24.40	25.64	0.00	0.00
LBC	58	25.59	24.38	24.39	25.64	0.00	0.00
LBC	59	25.67	24.30	24.34	25.68	0.00	0.00
LBC	60	25.64	24.32	24.35	25.68	0.00	0.00
LBC	61	25.57	24.38	24.42	25.63	0.00	0.00
LBC	62	25.67	24.32	24.33	25.68	0.00	0.00
LBC	63	25.61	24.37	24.33	25.69	0.00	0.00
LBC	64	25.53	24.47	24.43	25.56	0.00	0.00
LBC	65	25.67	24.27	24.35	25.72	0.00	0.00
LBC	66	25.57	24.42	24.42	25.59	0.00	0.00
LBC	67	25.60	24.35	24.39	25.66	0.00	0.00
LBC	68	25.68	24.24	24.32	25.76	0.00	0.00
LBC	69	25.59	24.33	24.43	25.65	0.24	0.00
LBC	70	25.52	24.43	24.47	25.57	0.06	0.00
LBC	71	25.62	24.34	24.39	25.65	0.04	0.00
LBC	72	25.65	24.37	24.31	25.67	0.02	0.00
LBC	73	25.57	24.38	24.42	25.63	0.02	0.00
LBC	74	25.64	24.32	24.34	25.70	0.01	0.00
LBC	75	25.60	24.32	24.37	25.71	0.00	0.00
LBC	76	25.55	24.43	24.41	25.60	0.00	0.00
LBC	77	25.69	24.27	24.28	25.76	0.00	0.00
LBC	78	25.62	24.34	24.38	25.66	0.00	0.00
LBC	79	25.59	24.39	24.39	25.63	0.00	0.00
LBC	80	25.71	24.31	24.31	25.67	0.00	0.00
LBC	81	25.64	24.33	24.37	25.66	0.00	0.00
LBC	82	25.66	24.32	24.34	25.68	0.00	0.00
LBC	83	25.68	24.26	24.34	25.72	0.00	0.00
LBC	84	25.70	24.29	24.27	25.74	0.00	0.00
LBC	85	25.59	24.46	24.35	25.60	0.00	0.00
LBC	86	25.69	24.30	24.31	25.70	0.00	0.00
LBC	87	25.67	24.36	24.32	25.65	0.00	0.00
LBC	88	25.58	24.36	24.39	25.66	0.00	0.00
LBC	89	25.72	24.24	24.30	25.73	0.00	0.00
LBC	90	25.66	24.32	24.34	25.68	0.00	0.00
LBC	91	25.62	24.34	24.38	25.66	0.00	0.00
LBC	92	25.74	24.24	24.28	25.73	0.00	0.00
LBC	93	25.59	24.36	24.41	25.64	0.00	0.00
LBC	94	25.65	24.32	24.28	25.75	0.00	0.00
LBC	95	25.69	24.26	24.33	25.73	0.00	0.00
LBC	96	25.70	24.26	24.32	25.72	0.00	0.00
LBC	97	25.66	24.35	24.34	25.65	0.00	0.00
LBC	98	25.68	24.26	24.37	25.70	0.00	0.00
LBC	99	25.67	24.31	24.29	25.73	0.00	0.00
LBC	100	25.62	24.30	24.41	25.67	0.13	0.00
LBC	101	25.75	24.24	24.27	25.74	0.12	0.00
# ACGT raw counters for last fragments. Use `grep ^LTC | cut -f 2-` to extract this part. The columns are: A,C,G,T,N base counters
LTC	1879540213	1829294533	1831318200	1881965651	510555
# Insert sizes. Use `grep ^IS | cut -f 2-` to extract this part. The columns are: insert size, pairs total, inward oriented pairs, outward oriented pairs, other pairs
IS	0	5	0	5	0
IS	1	6	0	6	0
IS	2	49	0	49	0
IS	3	51	0	51	0
IS	4	107	0	107	0
IS	5	50	0	50	0
IS	6	65	0	65	0
IS	7	65	0	65	0
IS	8	63	0	63	0
IS	9	278	0	278	0
IS	10	75	0	75	0
IS	11	85	0	85	0
IS	12	44	0	44	0
IS	13	61	0	61	0
IS	14	159	0	159	0
IS	15	85	0	85	0
IS	16	102	0	102	0
IS	17	81	0	81	0
IS	18	85	0	85	0
IS	19	1022	797	225	0
IS	20	990	845	145	0
IS	21	656	529	127	0
IS	22	425	302	123	0
IS	23	319	203	116	0
IS	24	282	127	155	0
IS	25	273	153	120	0
IS	26	317	178	139	0
IS	27	229	141	88	0
IS	28	244	138	106	0
IS	29	248	130	118	0
IS	30	227	111	116	0
IS	31	219	115	104	0
IS	32	231	134	97	0
IS	33	244	140	104	0
IS	34	257	150	106	1
IS	35	248	150	98	0
IS	36	238	150	88	0
IS	37	248	144	104	0
IS	38	254	125	129	0
IS	39	290	159	131	0
IS	40	310	202	107	1
IS	41	299	190	109	0
IS	42	270	191	78	1
IS	43	302	188	114	0
IS	44	358	228	129	1
IS	45	361	229	131	1
IS	46	397	257	137	3
IS	47	381	287	92	2
IS	48	440	310	129	1
IS	49	555	382	173	0
IS	50	35443	35286	157	0
IS	51	37843	37560	282	1
IS	52	41414	41225	189	0
IS	53	46487	46312	173	2
IS	54	53304	53119	184	1
IS	55	58548	58351	193	4
IS	56	62918	62681	235	2
IS	57	65531	65316	213	2
IS	58	68263	68062	201	0
IS	59	70039	69823	215	1
IS	60	71837	71627	208	2
IS	61	73854	73643	208	3
IS	62	78465	78245	220	0
IS	63	84250	84024	223	3
IS	64	92447	92167	279	1
IS	65	99049	98835	212	2
IS	66	105610	105405	204	1
IS	67	110304	110060	243	1
IS	68	112773	112521	251	1
IS	69	115571	115290	280	1
IS	70	118081	117841	238	2
IS	71	121271	121055	210	6
IS	72	124694	124479	213	2
IS	73	129310	129048	260	2
IS	74	137258	136961	296	1
IS	75	145498	145240	256	2
IS	76	153783	153542	238	3
IS	77	161513	161295	213	5
IS	78	166106	165850	251	5
IS	79	170325	169974	347	4
IS	80	171804	171586	215	3
IS	81	176596	176318	276	2
IS	82	177693	177452	233	8
IS	83	182369	182060	305	4
IS	84	190324	190035	285	4
IS	85	199998	199714	278	6
IS	86	210350	210114	233	3
IS	87	219637	219376	257	4
IS	88	225964	225556	406	2
IS	89	232095	231809	285	1
IS	90	234313	234057	252	4
IS	91	238226	237975	247	4
IS	92	240126	239834	286	6
IS	93	246924	246480	441	3
IS	94	251712	251323	384	5
IS	95	262743	262383	356	4
IS	96	272802	272514	285	3
IS	97	281458	280852	604	2
IS	98	290082	289305	776	1
IS	99	298979	298040	936	3
IS	100	305062	303236	1823	3
IS	101	308051	308007	43	1
IS	102	312027	312002	22	3
IS	103	316393	316373	16	4
IS	104	319816	319797	16	3
IS	105	331321	331307	10	4
IS	106	340167	340158	7	2
IS	107	350274	350263	9	2
IS	108	360286	360279	5	2
IS	109	365533	365517	10	6
IS	110	373614	373605	7	2
IS	111	381014	381006	2	6
IS	112	384818	384803	12	3
IS	113	384775	384762	11	2
IS	114	389985	389976	8	1
IS	115	396049	396036	11	2
IS	116	403235	403224	9	2
IS	117	416146	416108	31	7
IS	118	421142	421138	3	1
IS	119	428475	428465	9	1
IS	120	434941	434929	8	4
IS	121	439897	439883	8	6
IS	122	445013	445001	11	1
IS	123	445637	445625	9	3
IS	124	447816	447804	8	4
IS	125	450736	450724	9	3
IS	126	454842	454831	6	5
IS	127	462479	462472	6	1
IS	128	465418	465413	2	3
IS	129	475027	475014	9	4
IS	130	482450	482435	10	5
IS	131	481240	481233	6	1
IS	132	486836	486832	3	1
IS	133	485906	485903	2	1
IS	134	485941	485929	10	2
IS	135	489631	489619	9	3
IS	136	485610	485602	6	2
IS	137	494994	494986	7	1
IS	138	491626	491622	3	1
IS	139	495856	495843	7	6
IS	140	501289	501280	8	1
IS	141	502553	502548	2	3
IS	142	500881	500870	8	3
IS	143	502140	502131	6	3
IS	144	499125	499115	7	3
IS	145	499514	499498	16	0
IS	146	498687	498675	8	4
IS	147	499852	499833	16	3
IS	148	498267	498254	7	6
IS	149	497237	497217	15	5
IS	150	497306	497295	7	4
IS	151	499930	499923	3	4
IS	152	496199	496186	8	5
IS	153	496246	496237	8	1
IS	154	491867	491858	6	3
IS	155	488381	488368	10	3
IS	156	484220	484208	10	2
IS	157	480550	480520	27	3
IS	158	484705	484689	14	2
IS	159	477733	477669	59	5
IS	160	477986	477969	13	4
IS	161	476781	476766	14	1
IS	162	475337	475324	11	2
IS	163	472211	472204	5	2
IS	164	466241	466227	10	4
IS	165	465774	465762	8	4
IS	166	457297	457279	15	3
IS	167	455045	455037	5	3
IS	168	454522	454512	8	2
IS	169	448768	448748	17	3
IS	170	447669	447660	8	1
IS	171	449003	448994	6	3
IS	172	440489	440481	8	0
IS	173	437715	437706	6	3
IS	174	430698	430689	5	4
IS	175	429910	429902	6	2
IS	176	423881	423872	8	1
IS	177	421500	421495	3	2
IS	178	414285	414274	10	1
IS	179	411188	411185	2	1
IS	180	408309	408299	9	1
IS	181	404509	404500	7	2
IS	182	399039	399030	8	1
IS	183	397230	397224	6	0
IS	184	392869	392860	6	3
IS	185	388841	388833	7	1
IS	186	384389	384378	5	6
IS	187	379365	379350	10	5
IS	188	377529	377515	13	1
IS	189	370149	370138	9	2
IS	190	370074	370069	3	2
IS	191	363383	363371	10	2
IS	192	360553	360552	1	0
IS	193	360122	360114	3	5
IS	194	354294	354279	13	2
IS	195	350038	350016	17	5
IS	196	345861	345840	19	2
IS	197	339072	339061	10	1
IS	198	338426	338395	26	5
IS	199	331270	331244	24	2
IS	200	326640	326628	10	2
IS	201	322955	322943	10	2
IS	202	321005	320997	7	1
IS	203	318989	318976	11	2
IS	204	317004	316993	9	2
IS	205	310767	310751	13	3
IS	206	308541	308525	12	4
IS	207	300872	300866	5	1
IS	208	298889	298875	11	3
IS	209	293759	293747	9	3
IS	210	290158	290150	4	4
IS	211	286302	286297	5	0
IS	212	282529	282520	7	2
IS	213	280455	280439	14	2
IS	214	279599	279594	4	1
IS	215	274672	274655	16	1
IS	216	273020	273011	6	3
IS	217	267419	267415	3	1
IS	218	265300	265293	4	3
IS	219	260985	260978	4	3
IS	220	256655	256648	4	3
IS	221	253200	253183	13	4
IS	222	248766	248762	4	0
IS	223	245516	245509	7	0
IS	224	244916	244910	5	1
IS	225	241560	241555	4	1
IS	226	238480	238473	6	1
IS	227	234723	234710	10	3
IS	228	234186	234178	5	3
IS	229	227976	227969	6	1
IS	230	225466	225461	4	1
IS	231	221345	221334	10	1
IS	232	219772	219765	2	5
IS	233	217415	217411	4	0
IS	234	214436	214428	8	0
IS	235	212435	212431	2	2
IS	236	208488	208476	10	2
IS	237	207287	207265	19	3
IS	238	203654	203635	19	0
IS	239	201559	201554	3	2
IS	240	197844	197838	5	1
IS	241	193730	193716	10	4
IS	242	193084	193079	5	0
IS	243	189568	189552	15	1
IS	244	188258	188250	4	4
IS	245	186452	186441	7	4
IS	246	181535	181532	3	0
IS	247	181541	181535	4	2
IS	248	177444	177432	12	0
IS	249	176734	176731	0	3
IS	250	173149	173143	4	2
IS	251	170629	170621	4	4
IS	252	167689	167684	4	1
IS	253	166132	166125	6	1
IS	254	164159	164153	3	3
IS	255	161741	161733	6	2
IS	256	158850	158849	1	0
IS	257	156685	156676	7	2
IS	258	154554	154551	2	1
IS	259	153786	153783	1	2
IS	260	150140	150140	0	0
IS	261	150570	150563	6	1
IS	262	145577	145574	2	1
IS	263	145138	145132	3	3
IS	264	142314	142312	2	0
IS	265	139770	139767	3	0
IS	266	138891	138887	2	2
IS	267	136224	136219	4	1
IS	268	135578	135577	1	0
IS	269	134065	134060	4	1
IS	270	130817	130813	3	1
IS	271	129840	129835	4	1
IS	272	127746	127742	3	1
IS	273	125740	125733	4	3
IS	274	124794	124790	1	3
IS	275	122184	122182	1	1
IS	276	120431	120426	2	3
IS	277	118477	118475	1	1
IS	278	117107	117100	5	2
IS	279	116008	116004	2	2
IS	280	114789	114785	4	0
IS	281	112656	112652	4	0
IS	282	111377	111375	2	0
IS	283	108577	108574	3	0
IS	284	107097	107094	1	2
IS	285	106463	106462	0	1
IS	286	105097	105092	5	0
IS	287	103785	103784	1	0
IS	288	102028	102024	2	2
IS	289	99822	99821	0	1
IS	290	99289	99287	0	2
IS	291	97527	97526	0	1
IS	292	96424	96423	0	1
IS	293	94611	94606	3	2
IS	294	93162	93155	4	3
IS	295	92629	92629	0	0
IS	296	90454	90450	4	0
IS	297	90068	90067	1	0
IS	298	87880	87875	4	1
IS	299	87161	87154	5	2
IS	300	85702	85700	1	1
IS	301	84424	84421	3	0
IS	302	83186	83185	1	0
IS	303	81683	81681	2	0
IS	304	80769	80766	2	1
IS	305	79850	79844	4	2
IS	306	78432	78427	3	2
IS	307	77251	77249	2	0
IS	308	76731	76727	2	2
IS	309	75419	75414	2	3
IS	310	74315	74313	1	1
IS	311	72650	72649	1	0
IS	312	72298	72291	5	2
IS	313	70599	70592	4	3
IS	314	70124	70122	0	2
IS	315	68831	68829	1	1
IS	316	67733	67727	5	1
IS	317	66872	66867	4	1
IS	318	66145	66143	2	0
IS	319	65292	65291	1	0
IS	320	64487	64484	1	2
IS	321	63155	63149	5	1
IS	322	62419	62415	3	1
IS	323	60906	60906	0	0
IS	324	60916	60915	1	0
IS	325	59426	59419	4	3
IS	326	58867	58862	3	2
IS	327	57769	57763	6	0
IS	328	56681	56676	4	1
IS	329	56161	56156	1	4
IS	330	55170	55167	3	0
IS	331	54462	54459	2	1
IS	332	53779	53773	5	1
IS	333	53137	53134	3	0
IS	334	52653	52650	2	1
IS	335	51377	51375	2	0
IS	336	50660	50657	3	0
IS	337	50324	50316	6	2
IS	338	49219	49212	4	3
IS	339	48932	48928	2	2
IS	340	47752	47744	6	2
IS	341	47569	47565	4	0
IS	342	46527	46525	2	0
IS	343	45057	45053	1	3
IS	344	44972	44969	3	0
IS	345	44683	44676	6	1
IS	346	44020	44018	0	2
IS	347	42913	42909	3	1
IS	348	41830	41827	1	2
IS	349	41411	41408	2	1
IS	350	40831	40830	1	0
IS	351	40481	40476	0	5
IS	352	40526	40521	3	2
IS	353	39689	39683	3	3
IS	354	38661	38660	1	0
IS	355	38535	38534	0	1
IS	356	37540	37535	3	2
IS	357	36925	36924	0	1
IS	358	36561	36560	0	1
IS	359	35952	35948	4	0
IS	360	35495	35493	2	0
IS	361	35279	35278	0	1
IS	362	34432	34430	2	0
IS	363	34095	34095	0	0
IS	364	33265	33261	4	0
IS	365	32691	32689	2	0
IS	366	32784	32783	1	0
IS	367	31997	31993	3	1
IS	368	31027	31023	2	2
IS	369	30887	30887	0	0
IS	370	30596	30595	1	0
IS	371	29856	29849	6	1
IS	372	29720	29718	1	1
IS	373	29442	29438	3	1
IS	374	28795	28790	4	1
IS	375	27875	27873	1	1
IS	376	27868	27865	2	1
IS	377	27746	27746	0	0
IS	378	26828	26824	3	1
IS	379	26580	26576	3	1
IS	380	26309	26308	1	0
IS	381	26290	26286	2	2
IS	382	25900	25897	1	2
IS	383	25248	25245	2	1
IS	384	24706	24704	2	0
IS	385	24221	24220	0	1
IS	386	24071	24070	1	0
IS	387	23714	23714	0	0
IS	388	23096	23091	3	2
IS	389	22977	22977	0	0
IS	390	22683	22680	1	2
IS	391	22327	22325	2	0
IS	392	21891	21888	2	1
IS	393	21724	21720	2	2
IS	394	21032	21030	2	0
IS	395	20785	20782	3	0
IS	396	20554	20551	0	3
IS	397	20124	20121	3	0
IS	398	20006	19998	8	0
IS	399	19617	19614	2	1
IS	400	19574	19571	2	1
IS	401	19122	19121	0	1
IS	402	18784	18781	2	1
IS	403	18698	18694	4	0
IS	404	18308	18305	0	3
IS	405	18325	18321	2	2
IS	406	17565	17559	5	1
IS	407	17501	17501	0	0
IS	408	17376	17370	6	0
IS	409	16960	16955	3	2
IS	410	16870	16869	1	0
IS	411	16328	16317	10	1
IS	412	16470	16465	3	2
IS	413	15883	15881	1	1
IS	414	15673	15671	1	1
IS	415	15319	15315	3	1
IS	416	14973	14967	4	2
IS	417	15042	15038	3	1
IS	418	15069	15065	3	1
IS	419	14651	14649	0	2
IS	420	14249	14245	3	1
IS	421	14287	14284	3	0
IS	422	14153	14148	4	1
IS	423	13835	13831	3	1
IS	424	13807	13806	1	0
IS	425	13412	13409	3	0
IS	426	13214	13206	6	2
IS	427	12767	12760	4	3
IS	428	12607	12603	2	2
IS	429	12663	12658	3	2
IS	430	12451	12445	5	1
IS	431	12065	12063	1	1
IS	432	11914	11911	1	2
IS	433	11885	11881	4	0
IS	434	11757	11753	4	0
IS	435	11371	11367	2	2
IS	436	11421	11417	2	2
IS	437	11123	11117	5	1
IS	438	10923	10917	6	0
IS	439	10677	10671	6	0
# Read lengths. Use `grep ^RL | cut -f 2-` to extract this part. The columns are: read length, count
RL	50	74617
RL	51	78144
RL	52	85574
RL	53	95488
RL	54	109339
RL	55	120863
RL	56	128538
RL	57	134319
RL	58	139214
RL	59	142618
RL	60	146555
RL	61	151110
RL	62	159949
RL	63	171356
RL	64	187858
RL	65	201098
RL	66	215979
RL	67	223509
RL	68	228009
RL	69	233176
RL	70	238273
RL	71	246105
RL	72	252023
RL	73	261897
RL	74	276843
RL	75	294296
RL	76	311043
RL	77	326000
RL	78	336721
RL	79	343381
RL	80	346861
RL	81	356505
RL	82	357668
RL	83	368131
RL	84	383189
RL	85	403717
RL	86	423711
RL	87	442311
RL	88	455699
RL	89	468239
RL	90	473341
RL	91	489667
RL	92	523048
RL	93	630060
RL	94	523172
RL	95	587914
RL	96	718149
RL	97	563177
RL	98	580383
RL	99	597528
RL	100	609664
RL	101	133704932
# Read lengths - first fragments. Use `grep ^FRL | cut -f 2-` to extract this part. The columns are: read length, count
FRL	50	37306
FRL	51	39072
FRL	52	42787
FRL	53	47741
FRL	54	54671
FRL	55	60429
FRL	56	64269
FRL	57	67160
FRL	58	69606
FRL	59	71308
FRL	60	73278
FRL	61	75556
FRL	62	79973
FRL	63	85675
FRL	64	93925
FRL	65	100547
FRL	66	107986
FRL	67	111755
FRL	68	114001
FRL	69	116589
FRL	70	119138
FRL	71	123049
FRL	72	126007
FRL	73	130950
FRL	74	138422
FRL	75	147146
FRL	76	155530
FRL	77	163013
FRL	78	168374
FRL	79	171706
FRL	80	173445
FRL	81	178279
FRL	82	178859
FRL	83	184097
FRL	84	191631
FRL	85	201907
FRL	86	211927
FRL	87	221240
FRL	88	227943
FRL	89	234181
FRL	90	236776
FRL	91	244801
FRL	92	261190
FRL	93	314033
FRL	94	261534
FRL	95	293897
FRL	96	358839
FRL	97	281589
FRL	98	290192
FRL	99	298763
FRL	100	304831
FRL	101	66853488
# Read lengths - last fragments. Use `grep ^LRL | cut -f 2-` to extract this part. The columns are: read length, count
LRL	50	37311
LRL	51	39072
LRL	52	42787
LRL	53	47747
LRL	54	54668
LRL	55	60434
LRL	56	64269
LRL	57	67159
LRL	58	69608
LRL	59	71310
LRL	60	73277
LRL	61	75554
LRL	62	79976
LRL	63	85681
LRL	64	93933
LRL	65	100551
LRL	66	107993
LRL	67	111754
LRL	68	114008
LRL	69	116587
LRL	70	119135
LRL	71	123056
LRL	72	126016
LRL	73	130947
LRL	74	138421
LRL	75	147150
LRL	76	155513
LRL	77	162987
LRL	78	168347
LRL	79	171675
LRL	80	173416
LRL	81	178226
LRL	82	178809
LRL	83	184034
LRL	84	191558
LRL	85	201810
LRL	86	211784
LRL	87	221071
LRL	88	227756
LRL	89	234058
LRL	90	236565
LRL	91	244866
LRL	92	261858
LRL	93	316027
LRL	94	261638
LRL	95	294017
LRL	96	359310
LRL	97	281588
LRL	98	290191
LRL	99	298765
LRL	100	304833
LRL	101	66851444
# Mapping qualities for reads !(UNMAP|SECOND|SUPPL|QCFAIL|DUP). Use `grep ^MAPQ | cut -f 2-` to extract this part. The columns are: mapq, count
MAPQ	0	12518032
MAPQ	1	38099
MAPQ	2	14885
MAPQ	3	63259
MAPQ	4	22655
MAPQ	5	24069
MAPQ	6	32167
MAPQ	7	50979
MAPQ	8	26348
MAPQ	9	83473
MAPQ	10	49077
MAPQ	11	17501
MAPQ	12	26733
MAPQ	13	40492
MAPQ	14	16962
MAPQ	15	60456
MAPQ	16	23875
MAPQ	17	38602
MAPQ	18	44541
MAPQ	19	85422
MAPQ	20	108288
MAPQ	21	108501
MAPQ	22	174248
MAPQ	23	159507
MAPQ	24	253161
MAPQ	25	490510
MAPQ	26	7565
MAPQ	27	962434
MAPQ	28	14882
MAPQ	29	12421
MAPQ	30	21559
MAPQ	31	36615
MAPQ	32	6912
MAPQ	33	73911
MAPQ	34	14114
MAPQ	35	14333
MAPQ	36	22982
MAPQ	37	43444
MAPQ	38	19868
MAPQ	39	82402
MAPQ	40	1118560
MAPQ	41	28800
MAPQ	42	79065
MAPQ	43	90855
MAPQ	44	60052
MAPQ	45	197909
MAPQ	46	119986
MAPQ	47	250620
MAPQ	48	363070
MAPQ	49	224060
MAPQ	50	1190667
MAPQ	51	112559
MAPQ	52	138504
MAPQ	53	57844
MAPQ	54	56383
MAPQ	55	142235
MAPQ	56	13004
MAPQ	57	145275
MAPQ	58	10529
MAPQ	59	17693
MAPQ	60	108324895
# Indel distribution. Use `grep ^ID | cut -f 2-` to extract this part. The columns are: length, number of insertions, number of deletions
ID	1	396730	550310
ID	2	84879	133835
ID	3	40700	67879
ID	4	34032	53507
ID	5	26481	19788
ID	6	7903	14059
ID	7	2362	4834
ID	8	4217	6555
ID	9	2514	4063
ID	10	2967	5074
ID	11	1176	2422
ID	12	1779	3267
ID	13	938	1993
ID	14	710	1647
ID	15	990	1978
ID	16	406	1258
ID	17	193	560
ID	18	292	1090
ID	19	253	603
ID	20	100	617
ID	21	95	599
ID	22	31	353
ID	23	14	236
ID	24	45	514
ID	25	48	121
ID	26	13	204
ID	27	4	104
ID	28	1	98
ID	29	18	37
ID	30	1	91
ID	31	0	14
ID	32	0	32
ID	33	0	10
ID	34	0	43
ID	35	0	53
ID	36	0	14
ID	37	0	9
ID	38	0	10
ID	39	0	5
ID	40	0	4
ID	41	0	13
ID	42	0	10
ID	43	0	3
ID	45	0	1
# Indels per cycle. Use `grep ^IC | cut -f 2-` to extract this part. The columns are: cycle, number of insertions (fwd), .. (rev) , number of deletions (fwd), .. (rev)
IC	3	0	0	1217	1196
IC	4	1078	824	1440	1310
IC	5	1277	1198	1590	1577
IC	6	1290	1199	1475	1569
IC	7	1395	1272	1683	1549
IC	8	1310	1332	1999	1947
IC	9	1661	1711	2504	2547
IC	10	2059	1918	2818	2664
IC	11	2123	1997	2949	2944
IC	12	2490	2598	3046	2938
IC	13	2142	2036	3340	3359
IC	14	2463	2474	3715	3493
IC	15	2865	2654	4472	4057
IC	16	2989	2976	3808	3673
IC	17	2929	2815	5044	4802
IC	18	3282	3281	4019	3813
IC	19	2944	2711	4197	4092
IC	20	3032	2826	4349	4082
IC	21	3136	3044	4425	4290
IC	22	3222	3249	4473	4280
IC	23	3363	2992	4735	4489
IC	24	3389	3164	4804	4539
IC	25	3599	3341	5302	4990
IC	26	3855	3694	4999	4911
IC	27	3753	3442	5207	5048
IC	28	3656	3360	5082	4969
IC	29	3683	3446	5578	5213
IC	30	3799	3671	5790	5360
IC	31	4174	3770	5517	5151
IC	32	4017	3632	5546	5142
IC	33	3914	3525	5455	5141
IC	34	3881	3452	5588	5462
IC	35	4066	3736	6240	5707
IC	36	4253	3822	5508	5136
IC	37	3953	3572	5614	5068
IC	38	3877	3518	5553	5279
IC	39	3698	3337	5539	5171
IC	40	3937	3626	5700	5418
IC	41	4018	3739	5463	5103
IC	42	3981	3668	5793	5330
IC	43	4269	4026	5596	5110
IC	44	3923	3688	5668	5189
IC	45	4126	3711	5414	5232
IC	46	4011	3890	5507	5143
IC	47	4121	3928	5615	5417
IC	48	4126	3775	5666	5150
IC	49	4051	3809	6170	5312
IC	50	4042	3744	5883	5561
IC	51	4081	3849	5412	5302
IC	52	3911	3621	5619	5358
IC	53	3814	3586	5594	5267
IC	54	4017	3783	5679	5550
IC	55	4124	3771	5885	5523
IC	56	4039	3680	5843	5634
IC	57	4006	3845	5460	5389
IC	58	3776	3498	5518	5329
IC	59	4076	3702	5665	5375
IC	60	3859	3646	5560	5304
IC	61	3898	3699	5432	5135
IC	62	3728	3662	5549	5357
IC	63	3750	3570	5480	5402
IC	64	3752	3500	5714	5352
IC	65	3995	3745	5764	5450
IC	66	3877	3706	5660	5582
IC	67	3816	3748	5789	5690
IC	68	3760	3464	5495	5331
IC	69	3652	3515	5521	5265
IC	70	3847	3727	5310	5233
IC	71	3801	3727	5355	5203
IC	72	3588	3618	5398	5424
IC	73	3806	3798	5346	5136
IC	74	3592	3508	5295	5301
IC	75	3763	3756	4904	5075
IC	76	3492	3189	5139	5036
IC	77	3346	3277	5218	5041
IC	78	3417	3350	5104	5051
IC	79	3307	3244	5327	5134
IC	80	3592	3530	4948	4987
IC	81	3554	3417	4947	4872
IC	82	3316	3283	4817	4928
IC	83	3100	3122	4888	4691
IC	84	3166	3086	4650	4502
IC	85	3526	3471	4421	4293
IC	86	3006	3004	4493	4398
IC	87	2638	2709	4159	4117
IC	88	2706	2616	4074	3942
IC	89	2513	2680	3819	3721
IC	90	2571	2602	3514	3708
IC	91	2181	2128	3560	3535
IC	92	2438	2401	3347	3377
IC	93	1901	2009	3352	3232
IC	94	1917	2023	2994	2978
IC	95	1791	1948	2742	2763
IC	96	1948	2411	2633	2749
IC	97	1423	1776	2326	2535
IC	98	1489	1811	1806	1816
IC	100	0	0	1	0
# Coverage distribution. Use `grep ^COV | cut -f 2-` to extract this part.
COV	[1-1]	1	513403953
COV	[2-2]	2	336875853
COV	[3-3]	3	102260492
COV	[4-4]	4	55416269
COV	[5-5]	5	19379438
COV	[6-6]	6	10885909
COV	[7-7]	7	5588667
COV	[8-8]	8	3998351
COV	[9-9]	9	3004963
COV	[10-10]	10	2578433
COV	[11-11]	11	2247662
COV	[12-12]	12	2037570
COV	[13-13]	13	1875028
COV	[14-14]	14	1739340
COV	[15-15]	15	1617720
COV	[16-16]	16	1519918
COV	[17-17]	17	1446602
COV	[18-18]	18	1374395
COV	[19-19]	19	1303775
COV	[20-20]	20	1247526
COV	[21-21]	21	1192847
COV	[22-22]	22	1143464
COV	[23-23]	23	1101726
COV	[24-24]	24	1067099
COV	[25-25]	25	1029501
COV	[26-26]	26	1000602
COV	[27-27]	27	969062
COV	[28-28]	28	936073
COV	[29-29]	29	916743
COV	[30-30]	30	894302
COV	[31-31]	31	874854
COV	[32-32]	32	853800
COV	[33-33]	33	835521
COV	[34-34]	34	821249
COV	[35-35]	35	805715
COV	[36-36]	36	789051
COV	[37-37]	37	776737
COV	[38-38]	38	767893
COV	[39-39]	39	752681
COV	[40-40]	40	742581
COV	[41-41]	41	733789
COV	[42-42]	42	718835
COV	[43-43]	43	707386
COV	[44-44]	44	699329
COV	[45-45]	45	687750
COV	[46-46]	46	683309
COV	[47-47]	47	675558
COV	[48-48]	48	667318
COV	[49-49]	49	661160
COV	[50-50]	50	652378
COV	[51-51]	51	643800
COV	[52-52]	52	637975
COV	[53-53]	53	632170
COV	[54-54]	54	625604
COV	[55-55]	55	619550
COV	[56-56]	56	613530
COV	[57-57]	57	609031
COV	[58-58]	58	601903
COV	[59-59]	59	594711
COV	[60-60]	60	590591
COV	[61-61]	61	585726
COV	[62-62]	62	579925
COV	[63-63]	63	573485
COV	[64-64]	64	570950
COV	[65-65]	65	564186
COV	[66-66]	66	559143
COV	[67-67]	67	554014
COV	[68-68]	68	545798
COV	[69-69]	69	540346
COV	[70-70]	70	535597
COV	[71-71]	71	530722
COV	[72-72]	72	524182
COV	[73-73]	73	520508
COV	[74-74]	74	514294
COV	[75-75]	75	509799
COV	[76-76]	76	505931
COV	[77-77]	77	501620
COV	[78-78]	78	495468
COV	[79-79]	79	492759
COV	[80-80]	80	486173
COV	[81-81]	81	483109
COV	[82-82]	82	480809
COV	[83-83]	83	474448
COV	[84-84]	84	471583
COV	[85-85]	85	467332
COV	[86-86]	86	461892
COV	[87-87]	87	459072
COV	[88-88]	88	455174
COV	[89-89]	89	452523
COV	[90-90]	90	448139
COV	[91-91]	91	441923
COV	[92-92]	92	438350
COV	[93-93]	93	433847
COV	[94-94]	94	431493
COV	[95-95]	95	427114
COV	[96-96]	96	421744
COV	[97-97]	97	419660
COV	[98-98]	98	414526
COV	[99-99]	99	411415
COV	[100-100]	100	405853
COV	[101-101]	101	403003
COV	[102-102]	102	399960
COV	[103-103]	103	398184
COV	[104-104]	104	393356
COV	[105-105]	105	391233
COV	[106-106]	106	385674
COV	[107-107]	107	382531
COV	[108-108]	108	378770
COV	[109-109]	109	375411
COV	[110-110]	110	372608
COV	[111-111]	111	370270
COV	[112-112]	112	367518
COV	[113-113]	113	364026
COV	[114-114]	114	359194
COV	[115-115]	115	356567
COV	[116-116]	116	353067
COV	[117-117]	117	350569
COV	[118-118]	118	347278
COV	[119-119]	119	344362
COV	[120-120]	120	341420
COV	[121-121]	121	337002
COV	[122-122]	122	335769
COV	[123-123]	123	331567
COV	[124-124]	124	329031
COV	[125-125]	125	325656
COV	[126-126]	126	322149
COV	[127-127]	127	320449
COV	[128-128]	128	318807
COV	[129-129]	129	313981
COV	[130-130]	130	311369
COV	[131-131]	131	310021
COV	[132-132]	132	306618
COV	[133-133]	133	303803
COV	[134-134]	134	300893
COV	[135-135]	135	298720
COV	[136-136]	136	295286
COV	[137-137]	137	293020
COV	[138-138]	138	291280
COV	[139-139]	139	289557
COV	[140-140]	140	286360
COV	[141-141]	141	283474
COV	[142-142]	142	280722
COV	[143-143]	143	276285
COV	[144-144]	144	275257
COV	[145-145]	145	273566
COV	[146-146]	146	269960
COV	[147-147]	147	267666
COV	[148-148]	148	266281
COV	[149-149]	149	263147
COV	[150-150]	150	260481
COV	[151-151]	151	257789
COV	[152-152]	152	256054
COV	[153-153]	153	252133
COV	[154-154]	154	250856
COV	[155-155]	155	247608
COV	[156-156]	156	246312
COV	[157-157]	157	243668
COV	[158-158]	158	241984
COV	[159-159]	159	239016
COV	[160-160]	160	235860
COV	[161-161]	161	235258
COV	[162-162]	162	232662
COV	[163-163]	163	231086
COV	[164-164]	164	229096
COV	[165-165]	165	225573
COV	[166-166]	166	224202
COV	[167-167]	167	220547
COV	[168-168]	168	219838
COV	[169-169]	169	217987
COV	[170-170]	170	215240
COV	[171-171]	171	212165
COV	[172-172]	172	210697
COV	[173-173]	173	209070
COV	[174-174]	174	207779
COV	[175-175]	175	205045
COV	[176-176]	176	203153
COV	[177-177]	177	201030
COV	[178-178]	178	198994
COV	[179-179]	179	197628
COV	[180-180]	180	194389
COV	[181-181]	181	192351
COV	[182-182]	182	190912
COV	[183-183]	183	187931
COV	[184-184]	184	186234
COV	[185-185]	185	184075
COV	[186-186]	186	184041
COV	[187-187]	187	180803
COV	[188-188]	188	179649
COV	[189-189]	189	178182
COV	[190-190]	190	176323
COV	[191-191]	191	174404
COV	[192-192]	192	172202
COV	[193-193]	193	170922
COV	[194-194]	194	169484
COV	[195-195]	195	166085
COV	[196-196]	196	165227
COV	[197-197]	197	163974
COV	[198-198]	198	162132
COV	[199-199]	199	160349
COV	[200-200]	200	158627
COV	[201-201]	201	157723
COV	[202-202]	202	154940
COV	[203-203]	203	153580
COV	[204-204]	204	151966
COV	[205-205]	205	150100
COV	[206-206]	206	148774
COV	[207-207]	207	147522
COV	[208-208]	208	146365
COV	[209-209]	209	144780
COV	[210-210]	210	143289
COV	[211-211]	211	140495
COV	[212-212]	212	140219
COV	[213-213]	213	137692
COV	[214-214]	214	135728
COV	[215-215]	215	134229
COV	[216-216]	216	132454
COV	[217-217]	217	131965
COV	[218-218]	218	129882
COV	[219-219]	219	129030
COV	[220-220]	220	127292
COV	[221-221]	221	126213
COV	[222-222]	222	126092
COV	[223-223]	223	123168
COV	[224-224]	224	122009
COV	[225-225]	225	120635
COV	[226-226]	226	119778
COV	[227-227]	227	117673
COV	[228-228]	228	116472
COV	[229-229]	229	115261
COV	[230-230]	230	114503
COV	[231-231]	231	113107
COV	[232-232]	232	112192
COV	[233-233]	233	110938
COV	[234-234]	234	109962
COV	[235-235]	235	108875
COV	[236-236]	236	107312
COV	[237-237]	237	106329
COV	[238-238]	238	105329
COV	[239-239]	239	104489
COV	[240-240]	240	103337
COV	[241-241]	241	102723
COV	[242-242]	242	100871
COV	[243-243]	243	100010
COV	[244-244]	244	98525
COV	[245-245]	245	97764
COV	[246-246]	246	96771
COV	[247-247]	247	95886
COV	[248-248]	248	94581
COV	[249-249]	249	92638
COV	[250-250]	250	93422
COV	[251-251]	251	92270
COV	[252-252]	252	91277
COV	[253-253]	253	89661
COV	[254-254]	254	88205
COV	[255-255]	255	87755
COV	[256-256]	256	86659
COV	[257-257]	257	85861
COV	[258-258]	258	85756
COV	[259-259]	259	84321
COV	[260-260]	260	83168
COV	[261-261]	261	82038
COV	[262-262]	262	81335
COV	[263-263]	263	80304
COV	[264-264]	264	79128
COV	[265-265]	265	78867
COV	[266-266]	266	77927
COV	[267-267]	267	77372
COV	[268-268]	268	76518
COV	[269-269]	269	75246
COV	[270-270]	270	75060
COV	[271-271]	271	73919
COV	[272-272]	272	72858
COV	[273-273]	273	72696
COV	[274-274]	274	71566
COV	[275-275]	275	70549
COV	[276-276]	276	70335
COV	[277-277]	277	68859
COV	[278-278]	278	68801
COV	[279-279]	279	67568
COV	[280-280]	280	66889
COV	[281-281]	281	66297
COV	[282-282]	282	65829
COV	[283-283]	283	64702
COV	[284-284]	284	65073
COV	[285-285]	285	63853
COV	[286-286]	286	63252
COV	[287-287]	287	63374
COV	[288-288]	288	62541
COV	[289-289]	289	61916
COV	[290-290]	290	60925
COV	[291-291]	291	60560
COV	[292-292]	292	59730
COV	[293-293]	293	59688
COV	[294-294]	294	58552
COV	[295-295]	295	58032
COV	[296-296]	296	57132
COV	[297-297]	297	56479
COV	[298-298]	298	56435
COV	[299-299]	299	56206
COV	[300-300]	300	55757
COV	[301-301]	301	54718
COV	[302-302]	302	54479
COV	[303-303]	303	53764
COV	[304-304]	304	53373
COV	[305-305]	305	52711
COV	[306-306]	306	52219
COV	[307-307]	307	51663
COV	[308-308]	308	51456
COV	[309-309]	309	51387
COV	[310-310]	310	50430
COV	[311-311]	311	50182
COV	[312-312]	312	49692
COV	[313-313]	313	48929
COV	[314-314]	314	48827
COV	[315-315]	315	48323
COV	[316-316]	316	48086
COV	[317-317]	317	47359
COV	[318-318]	318	46864
COV	[319-319]	319	46714
COV	[320-320]	320	45787
COV	[321-321]	321	45934
COV	[322-322]	322	45567
COV	[323-323]	323	45185
COV	[324-324]	324	44546
COV	[325-325]	325	44660
COV	[326-326]	326	44179
COV	[327-327]	327	43530
COV	[328-328]	328	42834
COV	[329-329]	329	42804
COV	[330-330]	330	42278
COV	[331-331]	331	41956
COV	[332-332]	332	41474
COV	[333-333]	333	41328
COV	[334-334]	334	41101
COV	[335-335]	335	40407
COV	[336-336]	336	40096
COV	[337-337]	337	40005
COV	[338-338]	338	39384
COV	[339-339]	339	39573
COV	[340-340]	340	38951
COV	[341-341]	341	38488
COV	[342-342]	342	38462
COV	[343-343]	343	37583
COV	[344-344]	344	37590
COV	[345-345]	345	37722
COV	[346-346]	346	37493
COV	[347-347]	347	36826
COV	[348-348]	348	36557
COV	[349-349]	349	36355
COV	[350-350]	350	35820
COV	[351-351]	351	35605
COV	[352-352]	352	35494
COV	[353-353]	353	34610
COV	[354-354]	354	34824
COV	[355-355]	355	34022
COV	[356-356]	356	34072
COV	[357-357]	357	34024
COV	[358-358]	358	33510
COV	[359-359]	359	32946
COV	[360-360]	360	32680
COV	[361-361]	361	32485
COV	[362-362]	362	32814
COV	[363-363]	363	32218
COV	[364-364]	364	32229
COV	[365-365]	365	31912
COV	[366-366]	366	31795
COV	[367-367]	367	31587
COV	[368-368]	368	31478
COV	[369-369]	369	30868
COV	[370-370]	370	30704
COV	[371-371]	371	30473
COV	[372-372]	372	30193
COV	[373-373]	373	29996
COV	[374-374]	374	29528
COV	[375-375]	375	29906
COV	[376-376]	376	29598
COV	[377-377]	377	29245
COV	[378-378]	378	29193
COV	[379-379]	379	28833
COV	[380-380]	380	28171
COV	[381-381]	381	28312
COV	[382-382]	382	27933
COV	[383-383]	383	27591
COV	[384-384]	384	27708
COV	[385-385]	385	27471
COV	[386-386]	386	26831
COV	[387-387]	387	26531
COV	[388-388]	388	26383
COV	[389-389]	389	26602
COV	[390-390]	390	26165
COV	[391-391]	391	26073
COV	[392-392]	392	25504
COV	[393-393]	393	25667
COV	[394-394]	394	25568
COV	[395-395]	395	25439
COV	[396-396]	396	25229
COV	[397-397]	397	25183
COV	[398-398]	398	25036
COV	[399-399]	399	24425
COV	[400-400]	400	24616
COV	[401-401]	401	24195
COV	[402-402]	402	24172
COV	[403-403]	403	23951
COV	[404-404]	404	23691
COV	[405-405]	405	23686
COV	[406-406]	406	23534
COV	[407-407]	407	23223
COV	[408-408]	408	23433
COV	[409-409]	409	23254
COV	[410-410]	410	22875
COV	[411-411]	411	22651
COV	[412-412]	412	22087
COV	[413-413]	413	22205
COV	[414-414]	414	22045
COV	[415-415]	415	22225
COV	[416-416]	416	22129
COV	[417-417]	417	21845
COV	[418-418]	418	21678
COV	[419-419]	419	21171
COV	[420-420]	420	21391
COV	[421-421]	421	21293
COV	[422-422]	422	21003
COV	[423-423]	423	20892
COV	[424-424]	424	20624
COV	[425-425]	425	20867
COV	[426-426]	426	20429
COV	[427-427]	427	20150
COV	[428-428]	428	19977
COV	[429-429]	429	19930
COV	[430-430]	430	19787
COV	[431-431]	431	19857
COV	[432-432]	432	19330
COV	[433-433]	433	19204
COV	[434-434]	434	18932
COV	[435-435]	435	18773
COV	[436-436]	436	18626
COV	[437-437]	437	18754
COV	[438-438]	438	18796
COV	[439-439]	439	18410
COV	[440-440]	440	18172
COV	[441-441]	441	18236
COV	[442-442]	442	18086
COV	[443-443]	443	18051
COV	[444-444]	444	17540
COV	[445-445]	445	17704
COV	[446-446]	446	17742
COV	[447-447]	447	17309
COV	[448-448]	448	17237
COV	[449-449]	449	17113
COV	[450-450]	450	16995
COV	[451-451]	451	16790
COV	[452-452]	452	16888
COV	[453-453]	453	16840
COV	[454-454]	454	16525
COV	[455-455]	455	16564
COV	[456-456]	456	16235
COV	[457-457]	457	16237
COV	[458-458]	458	16219
COV	[459-459]	459	16128
COV	[460-460]	460	15757
COV	[461-461]	461	15831
COV	[462-462]	462	15555
COV	[463-463]	463	15750
COV	[464-464]	464	15499
COV	[465-465]	465	15497
COV	[466-466]	466	15131
COV	[467-467]	467	14982
COV	[468-468]	468	14914
COV	[469-469]	469	14856
COV	[470-470]	470	14604
COV	[471-471]	471	14578
COV	[472-472]	472	14582
COV	[473-473]	473	14354
COV	[474-474]	474	14382
COV	[475-475]	475	14228
COV	[476-476]	476	14293
COV	[477-477]	477	14066
COV	[478-478]	478	13848
COV	[479-479]	479	14144
COV	[480-480]	480	13872
COV	[481-481]	481	13783
COV	[482-482]	482	13624
COV	[483-483]	483	13467
COV	[484-484]	484	13353
COV	[485-485]	485	13152
COV	[486-486]	486	13358
COV	[487-487]	487	13057
COV	[488-488]	488	13304
COV	[489-489]	489	13010
COV	[490-490]	490	12868
COV	[491-491]	491	12797
COV	[492-492]	492	12697
COV	[493-493]	493	12587
COV	[494-494]	494	12417
COV	[495-495]	495	12312
COV	[496-496]	496	12283
COV	[497-497]	497	12356
COV	[498-498]	498	12132
COV	[499-499]	499	11994
COV	[500-500]	500	11834
COV	[501-501]	501	11700
COV	[502-502]	502	11436
COV	[503-503]	503	11423
COV	[504-504]	504	11380
COV	[505-505]	505	11336
COV	[506-506]	506	11321
COV	[507-507]	507	11161
COV	[508-508]	508	10929
COV	[509-509]	509	11056
COV	[510-510]	510	10918
COV	[511-511]	511	10824
COV	[512-512]	512	10593
COV	[513-513]	513	10509
COV	[514-514]	514	10515
COV	[515-515]	515	10363
COV	[516-516]	516	10199
COV	[517-517]	517	9944
COV	[518-518]	518	10057
COV	[519-519]	519	10167
COV	[520-520]	520	9998
COV	[521-521]	521	9837
COV	[522-522]	522	9757
COV	[523-523]	523	9593
COV	[524-524]	524	9711
COV	[525-525]	525	9382
COV	[526-526]	526	9333
COV	[527-527]	527	9407
COV	[528-528]	528	9164
COV	[529-529]	529	9104
COV	[530-530]	530	9205
COV	[531-531]	531	9243
COV	[532-532]	532	8981
COV	[533-533]	533	8832
COV	[534-534]	534	8723
COV	[535-535]	535	8680
COV	[536-536]	536	8642
COV	[537-537]	537	8506
COV	[538-538]	538	8724
COV	[539-539]	539	8245
COV	[540-540]	540	8332
COV	[541-541]	541	8034
COV	[542-542]	542	8330
COV	[543-543]	543	8053
COV	[544-544]	544	7915
COV	[545-545]	545	7854
COV	[546-546]	546	7914
COV	[547-547]	547	7861
COV	[548-548]	548	7665
COV	[549-549]	549	7853
COV	[550-550]	550	7645
COV	[551-551]	551	7497
COV	[552-552]	552	7442
COV	[553-553]	553	7536
COV	[554-554]	554	7419
COV	[555-555]	555	7283
COV	[556-556]	556	7424
COV	[557-557]	557	7300
COV	[558-558]	558	7105
COV	[559-559]	559	7189
COV	[560-560]	560	7117
COV	[561-561]	561	7047
COV	[562-562]	562	6988
COV	[563-563]	563	7174
COV	[564-564]	564	6882
COV	[565-565]	565	6831
COV	[566-566]	566	6808
COV	[567-567]	567	6686
COV	[568-568]	568	6824
COV	[569-569]	569	6740
COV	[570-570]	570	6571
COV	[571-571]	571	6504
COV	[572-572]	572	6452
COV	[573-573]	573	6406
COV	[574-574]	574	6427
COV	[575-575]	575	6334
COV	[576-576]	576	6163
COV	[577-577]	577	6187
COV	[578-578]	578	6100
COV	[579-579]	579	5849
COV	[580-580]	580	5858
COV	[581-581]	581	5816
COV	[582-582]	582	5951
COV	[583-583]	583	5909
COV	[584-584]	584	5585
COV	[585-585]	585	5734
COV	[586-586]	586	5740
COV	[587-587]	587	5483
COV	[588-588]	588	5585
COV	[589-589]	589	5530
COV	[590-590]	590	5523
COV	[591-591]	591	5319
COV	[592-592]	592	5288
COV	[593-593]	593	5361
COV	[594-594]	594	5339
COV	[595-595]	595	5232
COV	[596-596]	596	5166
COV	[597-597]	597	5275
COV	[598-598]	598	5130
COV	[599-599]	599	5124
COV	[600-600]	600	5207
COV	[601-601]	601	5097
COV	[602-602]	602	5054
COV	[603-603]	603	4952
COV	[604-604]	604	4913
COV	[605-605]	605	4835
COV	[606-606]	606	4872
COV	[607-607]	607	4782
COV	[608-608]	608	4795
COV	[609-609]	609	4748
COV	[610-610]	610	4587
COV	[611-611]	611	4721
COV	[612-612]	612	4774
COV	[613-613]	613	4623
COV	[614-614]	614	4563
COV	[615-615]	615	4465
COV	[616-616]	616	4518
COV	[617-617]	617	4503
COV	[618-618]	618	4325
COV	[619-619]	619	4371
COV	[620-620]	620	4420
COV	[621-621]	621	4170
COV	[622-622]	622	4271
COV	[623-623]	623	4261
COV	[624-624]	624	4265
COV	[625-625]	625	4214
COV	[626-626]	626	4180
COV	[627-627]	627	4178
COV	[628-628]	628	4192
COV	[629-629]	629	4052
COV	[630-630]	630	3967
COV	[631-631]	631	3975
COV	[632-632]	632	3837
COV	[633-633]	633	4001
COV	[634-634]	634	3905
COV	[635-635]	635	3845
COV	[636-636]	636	3910
COV	[637-637]	637	3862
COV	[638-638]	638	3589
COV	[639-639]	639	3792
COV	[640-640]	640	3634
COV	[641-641]	641	3696
COV	[642-642]	642	3581
COV	[643-643]	643	3754
COV	[644-644]	644	3727
COV	[645-645]	645	3534
COV	[646-646]	646	3578
COV	[647-647]	647	3630
COV	[648-648]	648	3466
COV	[649-649]	649	3472
COV	[650-650]	650	3368
COV	[651-651]	651	3372
COV	[652-652]	652	3435
COV	[653-653]	653	3395
COV	[654-654]	654	3382
COV	[655-655]	655	3369
COV	[656-656]	656	3230
COV	[657-657]	657	3162
COV	[658-658]	658	3266
COV	[659-659]	659	3127
COV	[660-660]	660	3194
COV	[661-661]	661	3268
COV	[662-662]	662	3264
COV	[663-663]	663	3216
COV	[664-664]	664	3266
COV	[665-665]	665	3136
COV	[666-666]	666	3109
COV	[667-667]	667	3074
COV	[668-668]	668	3044
COV	[669-669]	669	3085
COV	[670-670]	670	3169
COV	[671-671]	671	3020
COV	[672-672]	672	3000
COV	[673-673]	673	2992
COV	[674-674]	674	2973
COV	[675-675]	675	2957
COV	[676-676]	676	2883
COV	[677-677]	677	2935
COV	[678-678]	678	2850
COV	[679-679]	679	2680
COV	[680-680]	680	2842
COV	[681-681]	681	2738
COV	[682-682]	682	2755
COV	[683-683]	683	2809
COV	[684-684]	684	2702
COV	[685-685]	685	2724
COV	[686-686]	686	2637
COV	[687-687]	687	2676
COV	[688-688]	688	2683
COV	[689-689]	689	2603
COV	[690-690]	690	2691
COV	[691-691]	691	2742
COV	[692-692]	692	2711
COV	[693-693]	693	2616
COV	[694-694]	694	2605
COV	[695-695]	695	2567
COV	[696-696]	696	2549
COV	[697-697]	697	2545
COV	[698-698]	698	2554
COV	[699-699]	699	2540
COV	[700-700]	700	2461
COV	[701-701]	701	2437
COV	[702-702]	702	2355
COV	[703-703]	703	2359
COV	[704-704]	704	2441
COV	[705-705]	705	2435
COV	[706-706]	706	2419
COV	[707-707]	707	2312
COV	[708-708]	708	2325
COV	[709-709]	709	2272
COV	[710-710]	710	2234
COV	[711-711]	711	2264
COV	[712-712]	712	2225
COV	[713-713]	713	2221
COV	[714-714]	714	2237
COV	[715-715]	715	2264
COV	[716-716]	716	2212
COV	[717-717]	717	2199
COV	[718-718]	718	2149
COV	[719-719]	719	2117
COV	[720-720]	720	2236
COV	[721-721]	721	2315
COV	[722-722]	722	2233
COV	[723-723]	723	2144
COV	[724-724]	724	2178
COV	[725-725]	725	2129
COV	[726-726]	726	2126
COV	[727-727]	727	2069
COV	[728-728]	728	2033
COV	[729-729]	729	1986
COV	[730-730]	730	2007
COV	[731-731]	731	2042
COV	[732-732]	732	2024
COV	[733-733]	733	1941
COV	[734-734]	734	1921
COV	[735-735]	735	1997
COV	[736-736]	736	1934
COV	[737-737]	737	1996
COV	[738-738]	738	1882
COV	[739-739]	739	1920
COV	[740-740]	740	1888
COV	[741-741]	741	1958
COV	[742-742]	742	1829
COV	[743-743]	743	1903
COV	[744-744]	744	1824
COV	[745-745]	745	1819
COV	[746-746]	746	1791
COV	[747-747]	747	1833
COV	[748-748]	748	1824
COV	[749-749]	749	1797
COV	[750-750]	750	1711
COV	[751-751]	751	1771
COV	[752-752]	752	1759
COV	[753-753]	753	1759
COV	[754-754]	754	1776
COV	[755-755]	755	1730
COV	[756-756]	756	1734
COV	[757-757]	757	1665
COV	[758-758]	758	1655
COV	[759-759]	759	1690
COV	[760-760]	760	1712
COV	[761-761]	761	1719
COV	[762-762]	762	1641
COV	[763-763]	763	1646
COV	[764-764]	764	1701
COV	[765-765]	765	1635
COV	[766-766]	766	1643
COV	[767-767]	767	1629
COV	[768-768]	768	1660
COV	[769-769]	769	1636
COV	[770-770]	770	1548
COV	[771-771]	771	1603
COV	[772-772]	772	1591
COV	[773-773]	773	1530
COV	[774-774]	774	1593
COV	[775-775]	775	1564
COV	[776-776]	776	1492
COV	[777-777]	777	1567
COV	[778-778]	778	1549
COV	[779-779]	779	1530
COV	[780-780]	780	1502
COV	[781-781]	781	1536
COV	[782-782]	782	1506
COV	[783-783]	783	1477
COV	[784-784]	784	1438
COV	[785-785]	785	1473
COV	[786-786]	786	1545
COV	[787-787]	787	1452
COV	[788-788]	788	1473
COV	[789-789]	789	1422
COV	[790-790]	790	1456
COV	[791-791]	791	1486
COV	[792-792]	792	1412
COV	[793-793]	793	1357
COV	[794-794]	794	1377
COV	[795-795]	795	1341
COV	[796-796]	796	1372
COV	[797-797]	797	1363
COV	[798-798]	798	1295
COV	[799-799]	799	1321
COV	[800-800]	800	1346
COV	[801-801]	801	1315
COV	[802-802]	802	1289
COV	[803-803]	803	1262
COV	[804-804]	804	1326
COV	[805-805]	805	1294
COV	[806-806]	806	1332
COV	[807-807]	807	1301
COV	[808-808]	808	1261
COV	[809-809]	809	1225
COV	[810-810]	810	1236
COV	[811-811]	811	1240
COV	[812-812]	812	1307
COV	[813-813]	813	1258
COV	[814-814]	814	1247
COV	[815-815]	815	1242
COV	[816-816]	816	1317
COV	[817-817]	817	1259
COV	[818-818]	818	1277
COV	[819-819]	819	1252
COV	[820-820]	820	1202
COV	[821-821]	821	1253
COV	[822-822]	822	1247
COV	[823-823]	823	1209
COV	[824-824]	824	1222
COV	[825-825]	825	1268
COV	[826-826]	826	1202
COV	[827-827]	827	1198
COV	[828-828]	828	1114
COV	[829-829]	829	1138
COV	[830-830]	830	1198
COV	[831-831]	831	1210
COV	[832-832]	832	1145
COV	[833-833]	833	1164
COV	[834-834]	834	1108
COV	[835-835]	835	1157
COV	[836-836]	836	1206
COV	[837-837]	837	1151
COV	[838-838]	838	1104
COV	[839-839]	839	1131
COV	[840-840]	840	1138
COV	[841-841]	841	1199
COV	[842-842]	842	1092
COV	[843-843]	843	1088
COV	[844-844]	844	1058
COV	[845-845]	845	1069
COV	[846-846]	846	1127
COV	[847-847]	847	1046
COV	[848-848]	848	1003
COV	[849-849]	849	1098
COV	[850-850]	850	1036
COV	[851-851]	851	1073
COV	[852-852]	852	1075
COV	[853-853]	853	1016
COV	[854-854]	854	1084
COV	[855-855]	855	1008
COV	[856-856]	856	1016
COV	[857-857]	857	1054
COV	[858-858]	858	990
COV	[859-859]	859	984
COV	[860-860]	860	1034
COV	[861-861]	861	1042
COV	[862-862]	862	1044
COV	[863-863]	863	1071
COV	[864-864]	864	972
COV	[865-865]	865	1004
COV	[866-866]	866	1024
COV	[867-867]	867	1014
COV	[868-868]	868	958
COV	[869-869]	869	1003
COV	[870-870]	870	1042
COV	[871-871]	871	937
COV	[872-872]	872	1021
COV	[873-873]	873	1040
COV	[874-874]	874	955
COV	[875-875]	875	1029
COV	[876-876]	876	1024
COV	[877-877]	877	1014
COV	[878-878]	878	1049
COV	[879-879]	879	978
COV	[880-880]	880	984
COV	[881-881]	881	965
COV	[882-882]	882	955
COV	[883-883]	883	923
COV	[884-884]	884	906
COV	[885-885]	885	885
COV	[886-886]	886	927
COV	[887-887]	887	908
COV	[888-888]	888	896
COV	[889-889]	889	928
COV	[890-890]	890	891
COV	[891-891]	891	923
COV	[892-892]	892	949
COV	[893-893]	893	895
COV	[894-894]	894	908
COV	[895-895]	895	879
COV	[896-896]	896	852
COV	[897-897]	897	959
COV	[898-898]	898	858
COV	[899-899]	899	865
COV	[900-900]	900	892
COV	[901-901]	901	832
COV	[902-902]	902	870
COV	[903-903]	903	798
COV	[904-904]	904	841
COV	[905-905]	905	864
COV	[906-906]	906	842
COV	[907-907]	907	866
COV	[908-908]	908	823
COV	[909-909]	909	807
COV	[910-910]	910	774
COV	[911-911]	911	799
COV	[912-912]	912	851
COV	[913-913]	913	800
COV	[914-914]	914	831
COV	[915-915]	915	829
COV	[916-916]	916	873
COV	[917-917]	917	849
COV	[918-918]	918	813
COV	[919-919]	919	815
COV	[920-920]	920	816
COV	[921-921]	921	857
COV	[922-922]	922	812
COV	[923-923]	923	825
COV	[924-924]	924	815
COV	[925-925]	925	831
COV	[926-926]	926	823
COV	[927-927]	927	812
COV	[928-928]	928	784
COV	[929-929]	929	747
COV	[930-930]	930	787
COV	[931-931]	931	752
COV	[932-932]	932	745
COV	[933-933]	933	768
COV	[934-934]	934	723
COV	[935-935]	935	729
COV	[936-936]	936	808
COV	[937-937]	937	754
COV	[938-938]	938	789
COV	[939-939]	939	734
COV	[940-940]	940	721
COV	[941-941]	941	740
COV	[942-942]	942	715
COV	[943-943]	943	732
COV	[944-944]	944	773
COV	[945-945]	945	746
COV	[946-946]	946	778
COV	[947-947]	947	759
COV	[948-948]	948	740
COV	[949-949]	949	704
COV	[950-950]	950	757
COV	[951-951]	951	743
COV	[952-952]	952	684
COV	[953-953]	953	655
COV	[954-954]	954	680
COV	[955-955]	955	678
COV	[956-956]	956	741
COV	[957-957]	957	760
COV	[958-958]	958	695
COV	[959-959]	959	687
COV	[960-960]	960	656
COV	[961-961]	961	723
COV	[962-962]	962	668
COV	[963-963]	963	686
COV	[964-964]	964	733
COV	[965-965]	965	712
COV	[966-966]	966	678
COV	[967-967]	967	711
COV	[968-968]	968	671
COV	[969-969]	969	658
COV	[970-970]	970	676
COV	[971-971]	971	697
COV	[972-972]	972	658
COV	[973-973]	973	675
COV	[974-974]	974	730
COV	[975-975]	975	707
COV	[976-976]	976	645
COV	[977-977]	977	647
COV	[978-978]	978	666
COV	[979-979]	979	683
COV	[980-980]	980	671
COV	[981-981]	981	664
COV	[982-982]	982	676
COV	[983-983]	983	635
COV	[984-984]	984	659
COV	[985-985]	985	664
COV	[986-986]	986	643
COV	[987-987]	987	660
COV	[988-988]	988	597
COV	[989-989]	989	641
COV	[990-990]	990	631
COV	[991-991]	991	637
COV	[992-992]	992	618
COV	[993-993]	993	639
COV	[994-994]	994	629
COV	[995-995]	995	632
COV	[996-996]	996	611
COV	[997-997]	997	618
COV	[998-998]	998	587
COV	[999-999]	999	652
COV	[1000-1000]	1000	636
COV	[1000<]	1000	296948
# GC-depth. Use `grep ^GCD | cut -f 2-` to extract this part. The columns are: GC%, unique sequence percentiles, 10th, 25th, 50th, 75th and 90th depth percentile
GCD	0.0	0.001	0.000	0.000	0.000	0.000	0.000
GCD	16.0	0.002	1.188	1.188	1.188	1.188	1.188
GCD	20.0	0.003	1.431	1.431	1.431	1.431	1.431
GCD	21.0	0.004	126.142	126.142	126.142	126.142	126.142
GCD	22.0	0.005	1.381	1.381	1.391	1.401	1.401
GCD	23.0	0.006	1.391	1.391	1.391	1.391	1.391
GCD	24.0	0.009	0.248	0.328	0.688	10.384	13.576
GCD	25.0	0.011	1.664	1.664	2.584	3.594	3.594
GCD	27.0	0.014	3.832	4.817	8.689	13.727	15.101
GCD	28.0	0.038	1.787	2.320	5.090	8.800	18.573
GCD	29.0	0.073	1.942	2.957	5.033	13.217	24.457
GCD	30.0	0.205	1.738	3.134	5.179	9.461	17.438
GCD	31.0	0.463	0.530	1.916	5.139	10.734	17.701
GCD	32.0	1.105	0.495	0.594	3.629	9.283	17.857
GCD	33.0	2.417	0.480	0.551	1.545	7.087	15.440
GCD	34.0	4.875	0.475	0.535	0.624	4.114	12.441
GCD	35.0	8.844	0.495	0.547	0.624	2.119	9.490
GCD	36.0	14.567	0.495	0.555	0.629	0.787	7.422
GCD	37.0	21.490	0.505	0.569	0.644	0.767	6.460
GCD	38.0	29.348	0.520	0.584	0.658	0.792	6.100
GCD	39.0	37.463	0.535	0.604	0.683	0.827	6.192
GCD	40.0	44.972	0.550	0.619	0.703	0.886	6.675
GCD	41.0	51.589	0.579	0.649	0.738	1.282	7.724
GCD	42.0	57.542	0.604	0.673	0.762	1.730	8.497
GCD	43.0	62.527	0.629	0.698	0.802	2.376	10.072
GCD	44.0	66.948	0.649	0.723	0.827	2.941	10.714
GCD	45.0	70.867	0.673	0.753	0.874	3.718	12.523
GCD	46.0	74.234	0.698	0.772	0.911	4.884	13.839
GCD	47.0	77.038	0.723	0.812	0.988	5.678	14.242
GCD	48.0	79.473	0.743	0.842	1.139	7.030	15.251
GCD	49.0	81.612	0.772	0.876	1.966	8.308	17.135
GCD	50.0	83.466	0.802	0.906	2.416	9.966	20.039
GCD	51.0	85.140	0.817	0.941	3.263	10.293	20.031
GCD	52.0	86.664	0.866	1.010	4.401	12.306	25.292
GCD	53.0	88.066	0.906	1.109	5.342	13.319	24.837
GCD	54.0	89.308	0.960	1.796	6.535	16.583	28.199
GCD	55.0	90.531	1.015	2.624	7.449	16.186	30.042
GCD	56.0	91.655	1.064	3.211	8.328	18.915	33.309
GCD	57.0	92.818	1.149	3.594	8.771	20.127	35.869
GCD	58.0	94.007	1.426	4.052	10.179	23.059	39.823
GCD	59.0	95.095	1.818	4.319	11.576	25.665	44.770
GCD	60.0	96.179	2.258	4.643	13.994	27.848	45.510
GCD	61.0	97.204	2.056	4.213	13.531	28.043	48.783
GCD	62.0	98.056	2.280	4.124	12.170	27.800	43.465
GCD	63.0	98.741	2.238	3.733	10.395	28.480	49.036
GCD	64.0	99.211	2.256	3.455	8.531	24.272	49.213
GCD	65.0	99.542	2.415	3.289	6.362	23.215	49.775
GCD	66.0	99.757	2.357	3.337	6.223	15.519	46.298
GCD	67.0	99.885	2.557	3.248	5.010	9.830	27.175
GCD	68.0	99.948	2.405	3.206	4.862	6.823	13.456
GCD	69.0	99.982	2.669	3.773	5.243	8.496	11.990
GCD	70.0	99.996	3.435	4.101	5.822	7.755	10.836
GCD	71.0	99.999	3.312	3.389	4.654	11.155	14.714
GCD	72.0	100.000	5.426	5.426	5.426	5.426	5.426
